date,open,high,low,close,adj_close,volume
2020-01-02,28249.369140625,28543.51953125,28245.970703125,28543.51953125,28543.51953125,1262732800
2020-01-03,28828.359375,28883.30078125,28428.169921875,28451.5,28451.5,1797904800
2020-01-06,28326.5,28367.869140625,28054.2890625,28226.189453125,28226.189453125,1793426600
2020-01-07,28352.6796875,28473.080078125,28264.0703125,28322.060546875,28322.060546875,1302687200
2020-01-08,27999.580078125,28198.609375,27857.73046875,28087.919921875,28087.919921875,1709241600
2020-01-09,28367.650390625,28561.0,28325.859375,28561.0,28561.0,1692786200
2020-01-10,28665.140625,28665.140625,28504.26953125,28638.19921875,28638.19921875,1448401000
2020-01-13,28772.369140625,28971.400390625,28671.83984375,28954.939453125,28954.939453125,1765055700
2020-01-14,29149.529296875,29149.529296875,28790.490234375,28885.140625,28885.140625,1643504700
2020-01-15,28891.0703125,28972.6796875,28619.099609375,28773.58984375,28773.58984375,1240120700
2020-01-16,28806.119140625,28987.73046875,28709.5703125,28883.0390625,28883.0390625,1620926200
2020-01-17,28988.16015625,29101.150390625,28813.130859375,29056.419921875,29056.419921875,1545082800
2020-01-20,29169.119140625,29174.919921875,28795.419921875,28795.91015625,28795.91015625,1633383900
2020-01-21,28449.380859375,28492.029296875,27980.5,27985.330078125,27985.330078125,2236521700
2020-01-22,28116.5,28393.9296875,27937.6796875,28341.0390625,28341.0390625,1343288100
2020-01-23,28109.75,28133.029296875,27706.369140625,27909.119140625,27909.119140625,1753263000
2020-01-24,27935.419921875,27977.630859375,27774.5,27949.640625,27949.640625,612128700
2020-01-29,27101.5390625,27333.30078125,27101.5390625,27160.630859375,27160.630859375,2203836100
2020-01-30,27030.609375,27134.55078125,26330.05078125,26449.130859375,26449.130859375,2223567800
2020-01-31,26757.609375,26818.83984375,26295.490234375,26312.630859375,26312.630859375,1874255200
2020-02-03,26189.609375,26512.580078125,26145.58984375,26356.98046875,26356.98046875,2421482700
2020-02-04,26491.66015625,26730.259765625,26491.66015625,26675.98046875,26675.98046875,2500238100
2020-02-05,26869.3203125,26926.119140625,26641.919921875,26786.740234375,26786.740234375,2498930800
2020-02-06,27174.529296875,27608.220703125,27029.490234375,27493.69921875,27493.69921875,2249533900
2020-02-07,27356.279296875,27410.580078125,27224.119140625,27404.26953125,27404.26953125,1464514700
2020-02-10,27092.150390625,27314.640625,27044.880859375,27241.33984375,27241.33984375,1612017900
2020-02-11,27514.25,27674.810546875,27436.990234375,27583.880859375,27583.880859375,1868625400
2020-02-12,27717.220703125,27892.48046875,27614.830078125,27823.66015625,27823.66015625,1796561200
2020-02-13,27953.650390625,27953.650390625,27695.599609375,27730.0,27730.0,1617010200
2020-02-14,27698.560546875,27960.66015625,27695.58984375,27815.599609375,27815.599609375,1445335900
2020-02-17,27766.7109375,28055.580078125,27766.7109375,27959.599609375,27959.599609375,1412999200
2020-02-18,27766.5,27771.30078125,27496.25,27530.19921875,27530.19921875,1592221400
2020-02-19,27486.4609375,27697.4609375,27448.599609375,27655.810546875,27655.810546875,1471538100
2020-02-20,27767.279296875,27767.279296875,27383.130859375,27609.16015625,27609.16015625,1582073100
2020-02-21,27450.4609375,27484.529296875,27264.779296875,27308.810546875,27308.810546875,1773613400
2020-02-24,27105.349609375,27105.349609375,26813.220703125,26820.880859375,26820.880859375,2044657000
2020-02-25,26722.390625,26914.05078125,26667.0390625,26893.23046875,26893.23046875,1924042900
2020-02-26,26479.900390625,26776.060546875,26479.900390625,26696.490234375,26696.490234375,2040000000
2020-02-27,26529.169921875,26849.5703125,26419.970703125,26778.619140625,26778.619140625,2110369700
2020-02-28,26249.060546875,26313.55078125,25989.41015625,26129.9296875,26129.9296875,3191426200
2020-03-02,26077.73046875,26375.91015625,26077.73046875,26291.6796875,26291.6796875,2201535600
2020-03-03,26419.130859375,26527.75,26233.390625,26284.8203125,26284.8203125,2136295000
2020-03-04,26321.560546875,26372.48046875,26038.390625,26222.0703125,26222.0703125,1957062400
2020-03-05,26348.16015625,26805.580078125,26315.359375,26767.869140625,26767.869140625,2522843200
2020-03-06,26397.779296875,26408.80078125,26084.23046875,26146.669921875,26146.669921875,2646519300
2020-03-09,25134.01953125,25321.279296875,24948.380859375,25040.4609375,25040.4609375,4677892400
2020-03-10,25285.6796875,25578.609375,24978.970703125,25392.509765625,25392.509765625,3225661100
2020-03-11,25459.9609375,25493.23046875,25140.380859375,25231.609375,25231.609375,2627625600
2020-03-12,24657.669921875,24657.669921875,24117.939453125,24309.0703125,24309.0703125,3748928400
2020-03-13,22519.3203125,24184.48046875,22519.3203125,24032.91015625,24032.91015625,5495155700
2020-03-16,23317.810546875,23631.529296875,22842.25,23063.5703125,23063.5703125,4067029300
2020-03-17,23001.759765625,23401.19921875,22676.4609375,23263.73046875,23263.73046875,3637973700
2020-03-18,23023.33984375,23425.029296875,22167.419921875,22291.8203125,22291.8203125,4217153600
2020-03-19,22221.380859375,22380.33984375,21139.259765625,21709.130859375,21709.130859375,5628397600
2020-03-20,22147.33984375,22805.0703125,22147.33984375,22805.0703125,22805.0703125,4528187900
2020-03-23,21696.130859375,21696.130859375,21696.130859375,21696.130859375,21696.130859375,0
2020-03-24,22497.5703125,22753.009765625,22383.25,22663.490234375,22663.490234375,3614066700
2020-03-25,23255.91015625,23569.44921875,23062.23046875,23527.189453125,23527.189453125,3605374900
2020-03-26,23604.830078125,23604.830078125,23163.669921875,23352.33984375,23352.33984375,2519508100
2020-03-27,23768.41015625,23791.19921875,23354.009765625,23484.279296875,23484.279296875,2199674300
2020-03-30,23020.849609375,23491.509765625,22973.330078125,23175.109375,23175.109375,2553435900
2020-03-31,23613.26953125,23627.529296875,23238.0390625,23603.48046875,23603.48046875,2876326600
2020-04-01,23365.900390625,23540.009765625,22947.640625,23085.7890625,23085.7890625,2879977600
2020-04-02,22838.669921875,23280.060546875,22756.130859375,23280.060546875,23280.060546875,2560937400
2020-04-03,23072.94921875,23236.109375,23030.580078125,23236.109375,23236.109375,1870630600
2020-04-06,23558.830078125,23832.9296875,23271.470703125,23749.119140625,23749.119140625,1834036600
2020-04-07,24093.05078125,24262.009765625,23796.029296875,24253.2890625,24253.2890625,2535034600
2020-04-08,24191.3203125,24191.3203125,23897.400390625,23970.369140625,23970.369140625,1840854100
2020-04-09,24181.3203125,24308.689453125,24045.1796875,24300.330078125,24300.330078125,1725334600
2020-04-14,24347.609375,24546.390625,24283.130859375,24435.400390625,24435.400390625,2050447800
2020-04-15,24499.859375,24603.599609375,24090.5,24145.33984375,24145.33984375,1906625200
2020-04-16,24025.44921875,24102.91015625,23854.7890625,24006.44921875,24006.44921875,1865473400
2020-04-17,24457.830078125,24666.640625,24308.779296875,24380.0,24380.0,1937579000
2020-04-20,24503.560546875,24503.560546875,24225.55078125,24330.01953125,24330.01953125,1375091600
2020-04-21,24247.83984375,24247.83984375,23676.130859375,23793.55078125,23793.55078125,2160661700
2020-04-22,23540.5390625,23939.2890625,23483.310546875,23893.359375,23893.359375,1668362400
2020-04-23,23983.650390625,24107.880859375,23806.30078125,23977.3203125,23977.3203125,1814344800
2020-04-24,23844.55078125,23957.169921875,23730.490234375,23831.330078125,23831.330078125,1301664900
2020-04-27,24030.66015625,24318.810546875,24030.5390625,24280.140625,24280.140625,1592713000
2020-04-28,24401.119140625,24582.66015625,24176.880859375,24575.9609375,24575.9609375,1687557300
2020-04-29,24786.01953125,24855.470703125,24549.619140625,24643.58984375,24643.58984375,1648009000
2020-05-04,23895.109375,23897.529296875,23584.94921875,23613.80078125,23613.80078125,2556774000
2020-05-05,23755.76953125,23928.44921875,23697.880859375,23868.66015625,23868.66015625,1332967300
2020-05-06,23868.01953125,24235.029296875,23868.01953125,24137.48046875,24137.48046875,1890000000
2020-05-07,24120.810546875,24120.810546875,23913.5,23980.630859375,23980.630859375,1317060000
2020-05-08,24193.359375,24263.73046875,24097.119140625,24230.169921875,24230.169921875,1274113200
2020-05-11,24470.1796875,24766.830078125,24470.1796875,24602.060546875,24602.060546875,1458200000
2020-05-12,24358.0,24411.0390625,24136.19921875,24245.6796875,24245.6796875,1479628600
2020-05-13,24111.669921875,24320.19921875,23979.369140625,24180.30078125,24180.30078125,1359038500
2020-05-14,24038.0703125,24081.189453125,23790.26953125,23829.740234375,23829.740234375,1697720800
2020-05-15,23834.6796875,23985.119140625,23671.609375,23797.470703125,23797.470703125,1509478600
2020-05-18,23736.669921875,23952.05078125,23722.169921875,23934.76953125,23934.76953125,1645114700
2020-05-19,24489.55078125,24552.55078125,24314.44921875,24388.130859375,24388.130859375,2022987500
2020-05-20,24462.900390625,24514.869140625,24315.75,24399.94921875,24399.94921875,1432021300
2020-05-21,24528.91015625,24528.91015625,24208.16015625,24280.029296875,24280.029296875,1474345000
2020-05-22,23756.91015625,23756.91015625,22878.259765625,22930.140625,22930.140625,3680989100
2020-05-25,22725.69921875,22968.650390625,22519.73046875,22952.240234375,22952.240234375,1769029000
2020-05-26,23198.33984375,23481.48046875,23165.490234375,23384.66015625,23384.66015625,1421148200
2020-05-27,23515.140625,23515.140625,23134.609375,23301.359375,23301.359375,1837146100
2020-05-28,23206.75,23451.779296875,22779.619140625,23132.759765625,23132.759765625,2356792600
2020-05-29,22781.109375,23089.76953125,22781.109375,22961.470703125,22961.470703125,3621412000
2020-06-01,23539.91015625,23806.3203125,23539.91015625,23732.51953125,23732.51953125,2569148800
2020-06-02,23792.240234375,23995.939453125,23766.150390625,23995.939453125,23995.939453125,1813293900
2020-06-03,24303.560546875,24364.009765625,24219.9609375,24325.619140625,24325.619140625,2455118300
2020-06-04,24643.83984375,24643.83984375,24204.099609375,24366.30078125,24366.30078125,1888873500
2020-06-05,24388.1796875,24810.220703125,24253.560546875,24770.41015625,24770.41015625,2397618300
2020-06-08,25018.05078125,25018.779296875,24678.55078125,24776.76953125,24776.76953125,2123439500
2020-06-09,24906.009765625,25253.669921875,24837.73046875,25057.220703125,25057.220703125,2203396500
2020-06-10,25179.029296875,25303.779296875,24968.30078125,25049.73046875,25049.73046875,1971349200
2020-06-11,24997.83984375,25059.3203125,24480.150390625,24480.150390625,24480.150390625,1838958200
2020-06-12,23920.69921875,24317.720703125,23895.029296875,24301.380859375,24301.380859375,1824519600
2020-06-15,23991.380859375,24242.970703125,23684.9609375,23776.94921875,23776.94921875,2104538300
2020-06-16,24318.150390625,24534.76953125,24302.25,24344.08984375,24344.08984375,1611589900
2020-06-17,24363.390625,24532.009765625,24195.8203125,24481.41015625,24481.41015625,1278279300
2020-06-18,24386.310546875,24464.939453125,24121.890625,24464.939453125,24464.939453125,1811327100
2020-06-19,24373.359375,24776.5390625,24334.359375,24643.890625,24643.890625,2390285700
2020-06-22,24528.529296875,24628.94921875,24391.169921875,24511.33984375,24511.33984375,1612294200
2020-06-23,24541.439453125,24907.33984375,24184.880859375,24907.33984375,24907.33984375,1549053700
2020-06-24,25034.869140625,25071.3203125,24770.94921875,24781.580078125,24781.580078125,1431913700
2020-06-26,24697.98046875,24756.580078125,24537.76953125,24549.990234375,24549.990234375,1509260100
2020-06-29,24627.640625,24627.640625,24148.619140625,24301.279296875,24301.279296875,1835855400
2020-06-30,24468.240234375,24598.609375,24271.76953125,24427.189453125,24427.189453125,1892323300
2020-07-02,24563.5703125,25124.189453125,24563.5703125,25124.189453125,25124.189453125,2746546400
2020-07-03,25319.279296875,25453.580078125,25182.599609375,25373.119140625,25373.119140625,2320568900
2020-07-06,25545.5390625,26453.609375,25543.150390625,26339.16015625,26339.16015625,4883381900
2020-07-07,26571.080078125,26782.619140625,25911.740234375,25975.66015625,25975.66015625,3913840700
2020-07-08,26078.609375,26299.83984375,25849.779296875,26129.1796875,26129.1796875,2582679500
2020-07-09,26351.130859375,26374.939453125,26016.75,26210.16015625,26210.16015625,2452681700
2020-07-10,25931.779296875,26137.91015625,25570.359375,25727.41015625,25727.41015625,2142150800
2020-07-13,25848.80078125,26103.83984375,25715.240234375,25772.119140625,25772.119140625,2127288800
2020-07-14,25663.16015625,25663.16015625,25254.3203125,25477.890625,25477.890625,2180279200
2020-07-15,25888.779296875,25888.779296875,25299.359375,25481.580078125,25481.580078125,1849317300
2020-07-16,25549.400390625,25576.490234375,24919.94921875,24970.689453125,24970.689453125,1935051700
2020-07-17,25142.060546875,25263.970703125,25015.279296875,25089.169921875,25089.169921875,1362500400
2020-07-20,25019.599609375,25222.109375,24766.169921875,25057.990234375,25057.990234375,1650620500
2020-07-21,25427.060546875,25635.66015625,25378.380859375,25635.66015625,25635.66015625,1752171900
2020-07-22,25575.25,25779.66015625,25057.939453125,25057.939453125,25057.939453125,2390051200
2020-07-23,25235.900390625,25346.359375,24992.369140625,25263.0,25263.0,1910000000
2020-07-24,25040.759765625,25101.099609375,24598.4609375,24705.330078125,24705.330078125,3029706400
2020-07-27,24909.9609375,24972.4609375,24526.91015625,24603.259765625,24603.259765625,1491211000
2020-07-28,24942.740234375,24942.740234375,24642.349609375,24772.759765625,24772.759765625,1358418200
2020-07-29,24710.509765625,24905.439453125,24671.509765625,24883.140625,24883.140625,1080335100
2020-07-30,24979.240234375,25197.310546875,24616.05078125,24710.58984375,24710.58984375,1779681900
2020-07-31,24747.2890625,24938.849609375,24534.7890625,24595.349609375,24595.349609375,1763233900
2020-08-03,24566.810546875,24647.279296875,24250.98046875,24458.130859375,24458.130859375,2012723100
2020-08-04,24664.599609375,25062.41015625,24539.439453125,24946.630859375,24946.630859375,1906615900
2020-08-05,25029.390625,25167.220703125,24868.2890625,25102.5390625,25102.5390625,1477936300
2020-08-06,25201.439453125,25201.439453125,24641.08984375,24930.580078125,24930.580078125,1596206100
2020-08-07,24909.369140625,24909.369140625,24167.7890625,24531.619140625,24531.619140625,1610164700
2020-08-10,24376.8203125,24536.009765625,24272.669921875,24377.4296875,24377.4296875,1256444100
2020-08-11,24662.0390625,25031.5703125,24662.0390625,24890.6796875,24890.6796875,1628363900
2020-08-12,24868.630859375,25291.80078125,24685.439453125,25244.01953125,25244.01953125,1763950100
2020-08-13,25490.01953125,25490.01953125,25144.4609375,25230.669921875,25230.669921875,1761196500
2020-08-14,25072.44921875,25378.529296875,25040.55078125,25183.009765625,25183.009765625,1429766800
2020-08-17,25212.279296875,25588.669921875,25163.2890625,25347.33984375,25347.33984375,1955689100
2020-08-18,25470.970703125,25470.970703125,25257.880859375,25367.380859375,25367.380859375,1534776000
2020-08-19,25359.029296875,25382.509765625,25079.25,25178.91015625,25178.91015625,1132238600
2020-08-20,25055.349609375,25055.349609375,24621.3203125,24791.390625,24791.390625,1995701500
2020-08-21,25007.130859375,25178.7890625,24885.859375,25113.83984375,25113.83984375,1210267900
2020-08-24,25352.7890625,25551.580078125,25325.150390625,25551.580078125,25551.580078125,1352263800
2020-08-25,25586.990234375,25621.080078125,25352.259765625,25486.220703125,25486.220703125,1350837400
2020-08-26,25520.41015625,25603.169921875,25360.029296875,25491.7890625,25491.7890625,1319876200
2020-08-27,25469.76953125,25469.76953125,25186.419921875,25281.150390625,25281.150390625,1701268300
2020-08-28,25330.76953125,25749.400390625,25258.16015625,25422.060546875,25422.060546875,2065272600
2020-08-31,25732.490234375,25847.109375,25177.05078125,25177.05078125,25177.05078125,3195378200
2020-09-01,25085.669921875,25254.140625,24995.44921875,25184.849609375,25184.849609375,1729452000
2020-09-02,25239.859375,25239.859375,24931.169921875,25120.08984375,25120.08984375,2349955800
2020-09-03,25026.990234375,25216.01953125,24854.580078125,25007.599609375,25007.599609375,2007341100
2020-09-04,24668.80078125,24813.9609375,24488.640625,24695.44921875,24695.44921875,3393745100
2020-09-07,24621.01953125,24908.2890625,24475.609375,24589.650390625,24589.650390625,1682872900
2020-09-08,24785.259765625,24785.259765625,24341.3203125,24624.33984375,24624.33984375,2074591000
2020-09-09,24295.419921875,24520.919921875,24213.359375,24468.9296875,24468.9296875,1749348400
2020-09-10,24584.939453125,24615.599609375,24293.2109375,24313.5390625,24313.5390625,1349478000
2020-09-11,24352.630859375,24572.66015625,24293.029296875,24503.310546875,24503.310546875,1306598900
2020-09-14,24569.029296875,24750.94921875,24556.51953125,24640.279296875,24640.279296875,1091380700
2020-09-15,24621.650390625,24826.869140625,24621.650390625,24732.759765625,24732.759765625,1733769600
2020-09-16,24823.9609375,24829.869140625,24635.240234375,24725.630859375,24725.630859375,1303202100
2020-09-17,24676.41015625,24713.7890625,24250.900390625,24340.849609375,24340.849609375,1630900300
2020-09-18,24381.130859375,24501.16015625,24295.009765625,24455.41015625,24455.41015625,2301812900
2020-09-21,24483.91015625,24542.55078125,23928.01953125,23950.689453125,23950.689453125,1602081500
2020-09-22,23839.669921875,23908.509765625,23675.619140625,23716.849609375,23716.849609375,1553227700
2020-09-23,23701.119140625,23795.189453125,23559.990234375,23742.509765625,23742.509765625,1642933400
2020-09-24,23537.830078125,23590.419921875,23225.330078125,23311.0703125,23311.0703125,1913657500
2020-09-25,23425.75,23495.259765625,23124.25,23235.419921875,23235.419921875,1794075400
2020-09-28,23284.08984375,23523.810546875,23250.33984375,23476.05078125,23476.05078125,1446839400
2020-09-29,23584.609375,23601.400390625,23256.919921875,23275.529296875,23275.529296875,1526746600
2020-09-30,23548.890625,23780.869140625,23368.490234375,23459.05078125,23459.05078125,1453016000
2020-10-05,24039.390625,24039.390625,23674.51953125,23767.779296875,23767.779296875,1420427500
2020-10-06,23895.2109375,24005.029296875,23842.25,23980.650390625,23980.650390625,1325452200
2020-10-07,23999.7890625,24243.91015625,23905.419921875,24242.859375,24242.859375,1537076100
2020-10-08,24263.330078125,24263.330078125,24021.9296875,24193.349609375,24193.349609375,1182030300
2020-10-09,24343.810546875,24343.810546875,24059.2890625,24119.130859375,24119.130859375,1358969500
2020-10-12,24217.25,24702.810546875,24196.80078125,24649.6796875,24649.6796875,2430403500
2020-10-14,24808.849609375,24808.849609375,24498.939453125,24667.08984375,24667.08984375,2550042800
2020-10-15,24533.75,24573.25,24102.2109375,24158.5390625,24158.5390625,2134202800
2020-10-16,24194.41015625,24456.970703125,24194.41015625,24386.7890625,24386.7890625,2697525100
2020-10-19,24565.4296875,24771.849609375,24478.470703125,24542.259765625,24542.259765625,3605537600
2020-10-20,24571.640625,24600.390625,24456.83984375,24569.5390625,24569.5390625,1879052000
2020-10-21,24695.5390625,24903.0,24653.16015625,24754.419921875,24754.419921875,1929447200
2020-10-22,24696.310546875,24817.009765625,24556.55078125,24786.130859375,24786.130859375,2486871200
2020-10-23,24773.119140625,24970.58984375,24683.25,24918.779296875,24918.779296875,2368156700
2020-10-27,24839.970703125,24872.51953125,24602.109375,24787.189453125,24787.189453125,2435164600
2020-10-28,24773.5390625,24844.7890625,24586.060546875,24708.80078125,24708.80078125,2011940400
2020-10-29,24290.009765625,24678.900390625,24258.560546875,24586.599609375,24586.599609375,1936749000
2020-10-30,24535.900390625,24600.5390625,24029.94921875,24107.419921875,24107.419921875,2537744200
2020-11-02,24274.830078125,24486.01953125,24232.66015625,24460.009765625,24460.009765625,2355413200
2020-11-03,24689.560546875,25048.529296875,24689.509765625,24939.73046875,24939.73046875,2244353000
2020-11-04,24790.0,25093.720703125,24733.23046875,24886.140625,24886.140625,2305561500
2020-11-05,25500.91015625,25695.919921875,25343.439453125,25695.919921875,25695.919921875,2617492000
2020-11-06,25750.779296875,25799.970703125,25540.98046875,25712.970703125,25712.970703125,2370476000
2020-11-09,26157.76953125,26172.23046875,25950.41015625,26016.169921875,26016.169921875,2350101500
2020-11-10,26474.0390625,26474.0390625,26041.869140625,26301.48046875,26301.48046875,3847144100
2020-11-11,26226.80078125,26432.560546875,26168.630859375,26226.98046875,26226.98046875,4120773700
2020-11-12,26409.33984375,26460.939453125,26071.150390625,26169.380859375,26169.380859375,2679020500
2020-11-13,26114.599609375,26156.859375,25909.1796875,26156.859375,26156.859375,2435105000
2020-11-16,26362.0703125,26394.400390625,26191.5390625,26381.669921875,26381.669921875,2090236500
2020-11-17,26515.08984375,26530.5390625,26339.880859375,26415.08984375,26415.08984375,2394565600
2020-11-18,26434.240234375,26618.009765625,26344.859375,26544.2890625,26544.2890625,2292758600
2020-11-19,26460.609375,26460.609375,26311.640625,26356.970703125,26356.970703125,2413890100
2020-11-20,26406.869140625,26564.25,26313.279296875,26451.5390625,26451.5390625,2149354400
2020-11-23,26659.7890625,26662.66015625,26369.33984375,26486.19921875,26486.19921875,2235155500
2020-11-24,26630.33984375,26630.33984375,26409.76953125,26588.19921875,26588.19921875,2014989400
2020-11-25,26819.9609375,27040.41015625,26591.30078125,26669.75,26669.75,2859974400
2020-11-26,26695.25,26819.44921875,26612.0,26819.44921875,26819.44921875,1977652900
2020-11-27,26758.490234375,27009.150390625,26704.599609375,26894.6796875,26894.6796875,2733597200
2020-11-30,26853.390625,26960.9296875,26322.6796875,26341.490234375,26341.490234375,5742060100
2020-12-01,26422.7109375,26662.1796875,26375.240234375,26567.6796875,26567.6796875,3564238900
2020-12-02,26670.119140625,26670.119140625,26379.48046875,26532.580078125,26532.580078125,3704087400
2020-12-03,26623.419921875,26781.990234375,26556.01953125,26728.5,26728.5,2830413900
2020-12-04,26811.58984375,26835.919921875,26652.33984375,26835.919921875,26835.919921875,3205350200
2020-12-07,26870.580078125,26870.580078125,26256.400390625,26506.849609375,26506.849609375,2806021200
2020-12-08,26460.349609375,26460.349609375,26270.91015625,26304.560546875,26304.560546875,2542680300
2020-12-09,26510.419921875,26666.939453125,26445.66015625,26502.83984375,26502.83984375,2537716200
2020-12-10,26335.259765625,26434.470703125,26287.01953125,26410.58984375,26410.58984375,2000568900
2020-12-11,26634.2109375,26704.009765625,26443.009765625,26505.869140625,26505.869140625,2497420400
2020-12-14,26522.099609375,26544.119140625,26318.109375,26389.51953125,26389.51953125,2210976700
2020-12-15,26418.9296875,26436.0390625,26127.6796875,26207.2890625,26207.2890625,2587144400
2020-12-16,26421.2109375,26510.189453125,26318.740234375,26460.2890625,26460.2890625,2043444500
2020-12-17,26608.439453125,26678.380859375,26390.58984375,26678.380859375,26678.380859375,2262422800
2020-12-18,26650.490234375,26668.099609375,26363.05078125,26498.599609375,26498.599609375,3080026700
2020-12-21,26422.619140625,26498.650390625,26274.650390625,26306.6796875,26306.6796875,2044977300
2020-12-22,26260.779296875,26365.19921875,25998.869140625,26119.25,26119.25,1747533900
2020-12-23,26083.109375,26343.099609375,26071.759765625,26343.099609375,26343.099609375,2009461800
2020-12-24,26342.869140625,26470.400390625,26221.30078125,26386.560546875,26386.560546875,1297803000
2020-12-28,26288.369140625,26514.080078125,26264.3203125,26314.630859375,26314.630859375,2669629600
2020-12-29,26490.44921875,26618.779296875,26432.91015625,26568.490234375,26568.490234375,2304707300
2020-12-30,26695.109375,27159.470703125,26670.970703125,27147.109375,27147.109375,2552802900
2020-12-31,27194.7890625,27340.990234375,27163.509765625,27231.130859375,27231.130859375,2054705300
2021-01-04,27087.130859375,27502.830078125,27079.240234375,27472.810546875,27472.810546875,2870443300
2021-01-05,27281.33984375,27690.2109375,27150.380859375,27649.859375,27649.859375,3282490100
2021-01-06,27613.33984375,27756.4296875,27389.779296875,27692.30078125,27692.30078125,3079382600
2021-01-07,27715.939453125,27752.359375,27457.470703125,27548.51953125,27548.51953125,3775142800
2021-01-08,27630.029296875,27920.76953125,27538.19921875,27878.220703125,27878.220703125,5667284000
2021-01-11,28003.98046875,28176.650390625,27794.810546875,27908.220703125,27908.220703125,4366094600
2021-01-12,27894.2890625,28276.75,27781.419921875,28276.75,28276.75,3399606200
2021-01-13,28309.3203125,28414.5390625,28136.640625,28235.599609375,28235.599609375,3559366600
2021-01-14,28408.119140625,28510.919921875,28280.08984375,28496.859375,28496.859375,3205592600
2021-01-15,28394.369140625,28667.58984375,28294.66015625,28573.859375,28573.859375,4485371800
2021-01-18,28454.58984375,28864.25,28390.2890625,28862.76953125,28862.76953125,2956444000
2021-01-19,29100.169921875,29848.4296875,29100.169921875,29642.279296875,29642.279296875,4568245300
2021-01-20,29794.41015625,29993.470703125,29676.5390625,29962.470703125,29962.470703125,3937834200
2021-01-21,29951.779296875,30135.5,29745.869140625,29927.759765625,29927.759765625,3004888900
2021-01-22,29809.23046875,29862.890625,29413.51953125,29447.849609375,29447.849609375,3381738600
2021-01-25,29677.30078125,30191.16015625,29673.259765625,30159.009765625,30159.009765625,3066515300
2021-01-26,29892.849609375,29965.109375,29345.740234375,29391.259765625,29391.259765625,4810723600
2021-01-27,29556.580078125,29636.630859375,29194.369140625,29297.529296875,29297.529296875,3808971800
2021-01-28,28914.849609375,29191.6796875,28467.009765625,28550.76953125,28550.76953125,2993470100
2021-01-29,28826.1796875,28972.060546875,28259.73046875,28283.7109375,28283.7109375,3196757600
2021-02-01,28457.849609375,28982.76953125,28382.259765625,28892.859375,28892.859375,2464276400
2021-02-02,29378.119140625,29511.0,29198.859375,29248.69921875,29248.69921875,2739194600
2021-02-03,29305.41015625,29312.0,28967.009765625,29307.4609375,29307.4609375,2681355500
2021-02-04,29093.5390625,29409.0,28775.380859375,29113.5,29113.5,3032246200
2021-02-05,29305.08984375,29495.640625,29184.08984375,29288.6796875,29288.6796875,2675266500
2021-02-08,29629.080078125,29706.080078125,29293.640625,29319.470703125,29319.470703125,2196734100
2021-02-09,29442.5,29527.669921875,29263.98046875,29476.189453125,29476.189453125,1851043400
2021-02-10,29796.189453125,30075.5,29732.23046875,30038.720703125,30038.720703125,1998284900
2021-02-11,29995.279296875,30184.169921875,29828.619140625,30173.5703125,30173.5703125,1192111200
2021-02-16,30675.8203125,30793.48046875,30497.400390625,30746.66015625,30746.66015625,3269676200
2021-02-17,30636.369140625,31168.30078125,30503.4609375,31084.939453125,31084.939453125,3144032900
2021-02-18,31183.359375,31183.359375,30570.55078125,30595.26953125,30595.26953125,3687581000
2021-02-19,30483.4609375,30720.150390625,30099.7109375,30644.73046875,30644.73046875,3317191700
2021-02-22,31071.609375,31071.609375,30298.580078125,30319.830078125,30319.830078125,4449910100
2021-02-23,30189.970703125,30948.470703125,30126.400390625,30632.640625,30632.640625,4605710300
2021-02-24,30702.650390625,30792.880859375,29532.6796875,29718.240234375,29718.240234375,4846335300
2021-02-25,30174.220703125,30453.119140625,29833.05078125,30074.169921875,30074.169921875,3663892300
2021-02-26,29412.130859375,29579.669921875,28980.2109375,28980.2109375,28980.2109375,4126393200
2021-03-01,29457.890625,29550.75,29195.970703125,29452.5703125,29452.5703125,2629062100
2021-03-02,29708.390625,29765.9609375,28957.310546875,29095.859375,29095.859375,2895849600
2021-03-03,29249.4296875,29912.0,29183.58984375,29880.419921875,29880.419921875,3228618000
2021-03-04,29525.48046875,29597.16015625,29102.099609375,29236.7890625,29236.7890625,2957909000
2021-03-05,28667.140625,29397.26953125,28513.130859375,29098.2890625,29098.2890625,3996713300
2021-03-08,29362.58984375,29386.330078125,28422.26953125,28540.830078125,28540.830078125,4906906100
2021-03-09,28665.259765625,29047.130859375,28326.130859375,28773.23046875,28773.23046875,4377944400
2021-03-10,29255.369140625,29255.369140625,28710.91015625,28907.51953125,28907.51953125,2842785200
2021-03-11,28909.98046875,29412.419921875,28893.2109375,29385.609375,29385.609375,3604263600
2021-03-12,29550.369140625,29550.369140625,28707.349609375,28739.720703125,28739.720703125,3557237800
2021-03-15,28923.94921875,29178.990234375,28612.740234375,28833.759765625,28833.759765625,3096719600
2021-03-16,29036.8203125,29118.619140625,28872.400390625,29027.689453125,29027.689453125,2351605600
2021-03-17,28992.240234375,29180.009765625,28780.23046875,29034.119140625,29034.119140625,1901329200
2021-03-18,29317.609375,29596.580078125,29317.609375,29405.720703125,29405.720703125,2113745200
2021-03-19,29158.48046875,29271.400390625,28737.5390625,28990.939453125,28990.939453125,3814440800
2021-03-22,28801.08984375,29139.0703125,28801.08984375,28885.33984375,28885.33984375,2065830600
2021-03-23,29008.01953125,29043.1796875,28376.220703125,28497.380859375,28497.380859375,2049560300
2021-03-24,28437.490234375,28457.869140625,27827.05078125,27918.140625,27918.140625,2689142400
2021-03-25,27628.080078125,28032.009765625,27505.080078125,27899.609375,27899.609375,2595007600
2021-03-26,28043.650390625,28415.150390625,28014.2890625,28336.4296875,28336.4296875,2415384100
2021-03-29,28317.3203125,28484.66015625,28132.359375,28338.30078125,28338.30078125,2847744100
2021-03-30,28552.76953125,28694.150390625,28371.23046875,28577.5,28577.5,2269839800
2021-03-31,28802.529296875,28802.529296875,28332.779296875,28378.349609375,28378.349609375,2703755400
2021-04-01,28594.55078125,28938.740234375,28511.650390625,28938.740234375,28938.740234375,2232972100
2021-04-07,29101.400390625,29101.400390625,28598.859375,28674.80078125,28674.80078125,2223606300
2021-04-08,28604.119140625,29054.8203125,28587.109375,29008.0703125,29008.0703125,2522329300
2021-04-09,29152.439453125,29152.439453125,28604.55078125,28698.80078125,28698.80078125,1897265800
2021-04-12,28791.970703125,28791.970703125,28274.26953125,28453.279296875,28453.279296875,1992325200
2021-04-13,28557.83984375,28877.150390625,28452.119140625,28497.25,28497.25,2062117300
2021-04-14,28796.55078125,28979.349609375,28685.060546875,28900.830078125,28900.830078125,1941501600
2021-04-15,28872.8203125,28884.5703125,28530.990234375,28793.140625,28793.140625,1901863000
2021-04-16,28827.169921875,29079.1796875,28711.109375,28969.7109375,28969.7109375,2192409800
2021-04-19,28960.130859375,29319.759765625,28806.759765625,29106.150390625,29106.150390625,2020128300
2021-04-20,28962.80078125,29220.189453125,28885.55078125,29135.73046875,29135.73046875,2014210500
2021-04-21,28702.26953125,28778.359375,28506.759765625,28621.919921875,28621.919921875,2202031500
2021-04-22,28716.98046875,28848.01953125,28597.0,28755.33984375,28755.33984375,1934891300
2021-04-23,28798.44921875,29078.75,28748.5703125,29078.75,29078.75,1901002000
2021-04-26,29106.44921875,29238.990234375,28908.650390625,28952.830078125,28952.830078125,1786353600
2021-04-27,28895.380859375,29045.109375,28793.220703125,28941.5390625,28941.5390625,1834872800
2021-04-28,28991.939453125,29071.33984375,28887.330078125,29071.33984375,29071.33984375,2074074300
2021-04-29,29268.2109375,29405.119140625,29162.869140625,29303.259765625,29303.259765625,1838135800
2021-04-30,29143.4296875,29154.75,28701.689453125,28724.880859375,28724.880859375,2577584300
2021-05-03,28659.91015625,28684.830078125,28256.029296875,28357.5390625,28357.5390625,1725985500
2021-05-04,28438.150390625,28577.51953125,28321.33984375,28557.140625,28557.140625,1921124800
2021-05-05,28427.669921875,28677.359375,28325.9609375,28417.98046875,28417.98046875,1720837700
2021-05-06,28647.970703125,28753.970703125,28384.119140625,28637.4609375,28637.4609375,2478819000
2021-05-07,28721.130859375,28884.029296875,28530.7109375,28610.650390625,28610.650390625,2205337100
2021-05-10,28776.990234375,28842.109375,28453.140625,28595.66015625,28595.66015625,2358822100
2021-05-11,28286.560546875,28286.560546875,27910.7109375,28013.810546875,28013.810546875,2383355200
2021-05-12,28073.919921875,28231.0390625,27897.470703125,28231.0390625,28231.0390625,2132315300
2021-05-13,27920.009765625,28060.9296875,27718.669921875,27718.669921875,27718.669921875,2167381500
2021-05-14,27872.689453125,28064.009765625,27715.880859375,28027.5703125,28027.5703125,1880805200
2021-05-17,28130.509765625,28268.390625,28074.140625,28194.08984375,28194.08984375,1857027900
2021-05-18,28438.029296875,28617.33984375,28438.029296875,28593.810546875,28593.810546875,2065990000
2021-05-20,28413.490234375,28508.240234375,28293.23046875,28450.2890625,28450.2890625,2465835400
2021-05-21,28584.33984375,28584.33984375,28286.919921875,28458.439453125,28458.439453125,1653241900
2021-05-24,28417.990234375,28444.359375,28195.51953125,28412.259765625,28412.259765625,1719640600
2021-05-25,28461.5,28929.240234375,28461.5,28910.859375,28910.859375,2352077900
2021-05-26,29056.279296875,29261.859375,29027.94921875,29166.009765625,29166.009765625,2518538400
2021-05-27,28998.390625,29157.94921875,28950.720703125,29113.19921875,29113.19921875,3804955000
2021-05-28,29219.4609375,29336.130859375,29033.720703125,29124.41015625,29124.41015625,2591559500
2021-05-31,29225.4609375,29225.4609375,28909.51953125,29151.80078125,29151.80078125,2188580800
2021-06-01,29159.060546875,29480.16015625,29036.44921875,29468.0,29468.0,1832036700
2021-06-02,29414.640625,29490.609375,29208.73046875,29297.619140625,29297.619140625,1933160400
2021-06-03,29365.3203125,29377.900390625,28902.669921875,28966.029296875,28966.029296875,2241752500
2021-06-04,28837.94921875,29023.1796875,28737.970703125,28918.099609375,28918.099609375,3054579800
2021-06-07,28985.599609375,29003.990234375,28615.609375,28787.279296875,28787.279296875,2573174300
2021-06-08,28900.51953125,28979.19921875,28638.310546875,28781.380859375,28781.380859375,1626863000
2021-06-09,28771.140625,28859.580078125,28687.689453125,28742.630859375,28742.630859375,1807028800
2021-06-10,28792.01953125,28954.400390625,28664.939453125,28738.880859375,28738.880859375,1940104600
2021-06-11,28864.900390625,28965.150390625,28743.8203125,28842.130859375,28842.130859375,2038619100
2021-06-15,28946.439453125,28946.439453125,28453.48046875,28638.529296875,28638.529296875,2376459800
2021-06-16,28609.369140625,28648.640625,28403.640625,28436.83984375,28436.83984375,2053818800
2021-06-17,28240.880859375,28558.58984375,28216.08984375,28558.58984375,28558.58984375,1888022000
2021-06-18,28586.0390625,28830.849609375,28532.080078125,28801.26953125,28801.26953125,3761375200
2021-06-21,28501.640625,28590.220703125,28314.9296875,28489.0,28489.0,2182673000
2021-06-22,28575.16015625,28579.0,28299.66015625,28309.759765625,28309.759765625,1980080400
2021-06-23,28468.240234375,28893.7890625,28406.609375,28817.0703125,28817.0703125,2293387200
2021-06-24,28865.4609375,28993.369140625,28782.33984375,28882.4609375,28882.4609375,1723216500
2021-06-25,29002.669921875,29305.169921875,28971.599609375,29288.220703125,29288.220703125,2149434300
2021-06-28,29366.490234375,29394.689453125,29209.4296875,29268.30078125,29268.30078125,1512611100
2021-06-29,29291.890625,29291.890625,28924.609375,28994.099609375,28994.099609375,2356507100
2021-06-30,29107.900390625,29146.279296875,28827.69921875,28827.94921875,28827.94921875,2051503700
2021-07-02,28859.01953125,28859.01953125,28231.73046875,28310.419921875,28310.419921875,2816172700
2021-07-05,28098.91015625,28338.7890625,28042.7109375,28143.5,28143.5,1827212600
2021-07-06,28136.630859375,28151.349609375,27904.529296875,28072.859375,28072.859375,1904176200
2021-07-07,27777.810546875,27969.41015625,27703.41015625,27960.619140625,27960.619140625,2040702300
2021-07-08,27881.5,27921.060546875,27110.619140625,27153.130859375,27153.130859375,2948605700
2021-07-09,27131.5703125,27450.7890625,26861.869140625,27344.5390625,27344.5390625,2499976900
2021-07-12,27672.69921875,27741.189453125,27420.349609375,27515.240234375,27515.240234375,2054164700
2021-07-13,27694.029296875,28052.3203125,27612.689453125,27963.41015625,27963.41015625,1995588400
2021-07-14,27965.390625,27965.390625,27708.7109375,27787.4609375,27787.4609375,1865663700
2021-07-15,27801.400390625,28181.2109375,27741.08984375,27996.26953125,27996.26953125,2081493200
2021-07-16,27972.560546875,28218.529296875,27878.529296875,28004.6796875,28004.6796875,1968819100
2021-07-19,27786.5390625,27786.5390625,27397.2890625,27489.779296875,27489.779296875,1874176200
2021-07-20,27395.830078125,27532.859375,27121.490234375,27259.25,27259.25,2263380800
2021-07-21,27339.220703125,27371.5,26971.029296875,27224.580078125,27224.580078125,1672533000
2021-07-22,27464.279296875,27759.7109375,27455.4296875,27723.83984375,27723.83984375,1807199700
2021-07-23,27740.94921875,27740.94921875,27222.0390625,27321.98046875,27321.98046875,1182745200
2021-07-26,26825.73046875,26878.75,26177.400390625,26192.3203125,26192.3203125,2695215700
2021-07-27,26011.509765625,26323.609375,24748.83984375,25086.4296875,25086.4296875,4657383800
2021-07-28,25356.740234375,25520.75,24848.4296875,25473.880859375,25473.880859375,3391837700
2021-07-29,26221.359375,26335.359375,25857.419921875,26315.3203125,26315.3203125,3272154400
2021-07-30,26042.83984375,26151.0,25636.890625,25961.029296875,25961.029296875,2425058800
2021-08-02,26054.810546875,26300.55078125,25743.08984375,26235.80078125,26235.80078125,1768640300
2021-08-03,26289.060546875,26289.060546875,25774.619140625,26194.8203125,26194.8203125,2010033900
2021-08-04,26161.830078125,26650.8203125,26009.830078125,26426.55078125,26426.55078125,1776527400
2021-08-05,26390.009765625,26569.369140625,26126.369140625,26204.689453125,26204.689453125,1695648000
2021-08-06,26262.970703125,26276.869140625,26002.41015625,26179.400390625,26179.400390625,1559626600
2021-08-09,25969.23046875,26527.240234375,25920.849609375,26283.400390625,26283.400390625,1585113300
2021-08-10,26456.609375,26610.94921875,26138.869140625,26605.619140625,26605.619140625,1735296200
2021-08-11,26491.740234375,26822.470703125,26454.44921875,26660.16015625,26660.16015625,2414411900
2021-08-12,26623.76953125,26713.240234375,26385.44921875,26517.8203125,26517.8203125,1655017900
2021-08-13,26296.189453125,26521.94921875,26200.240234375,26391.619140625,26391.619140625,1336188100
2021-08-16,26365.189453125,26449.7109375,26046.900390625,26181.4609375,26181.4609375,1648288100
2021-08-17,26137.900390625,26258.7890625,25615.380859375,25745.869140625,25745.869140625,2291305400
2021-08-18,25800.029296875,26025.140625,25708.94921875,25867.009765625,25867.009765625,1756860900
2021-08-19,25787.83984375,25832.919921875,25183.669921875,25316.330078125,25316.330078125,2312886900
2021-08-20,25241.3203125,25244.75,24581.599609375,24849.720703125,24849.720703125,2855825700
2021-08-23,25169.44921875,25458.330078125,25036.990234375,25109.58984375,25109.58984375,2184980400
2021-08-24,25428.6796875,25727.919921875,25361.75,25727.919921875,25727.919921875,2052904800
2021-08-25,25930.05078125,25982.640625,25548.470703125,25693.94921875,25693.94921875,1716375300
2021-08-26,25673.779296875,25706.619140625,25255.830078125,25415.689453125,25415.689453125,1834106600
2021-08-27,25337.55078125,25641.330078125,25304.619140625,25407.890625,25407.890625,1528046000
2021-08-30,25406.490234375,25583.58984375,25219.80078125,25539.5390625,25539.5390625,1995641000
2021-08-31,25524.23046875,25878.990234375,25110.720703125,25878.990234375,25878.990234375,2918149900
2021-09-01,25871.8203125,26101.94921875,25694.109375,26028.2890625,26028.2890625,2181283600
2021-09-02,26203.51953125,26359.310546875,25967.98046875,26090.4296875,26090.4296875,2024344100
2021-09-03,26022.669921875,26052.810546875,25811.76953125,25901.990234375,25901.990234375,2549365400
2021-09-06,25827.169921875,26176.4296875,25827.169921875,26163.630859375,26163.630859375,1912471300
2021-09-07,26207.220703125,26458.880859375,26135.400390625,26353.630859375,26353.630859375,1842232900
2021-09-08,26396.109375,26560.0390625,26164.7890625,26320.9296875,26320.9296875,1861322900
2021-09-09,26076.9296875,26125.08984375,25624.51953125,25716.0,25716.0,2090788600
2021-09-10,25870.7109375,26205.91015625,25870.7109375,26205.91015625,26205.91015625,2001317000
2021-09-13,25885.30078125,25886.900390625,25570.83984375,25813.810546875,25813.810546875,2315555200
2021-09-14,25827.69921875,25900.6796875,25377.830078125,25502.23046875,25502.23046875,2398954000
2021-09-15,25310.029296875,25411.91015625,24990.939453125,25033.2109375,25033.2109375,2420861000
2021-09-16,25042.029296875,25045.55078125,24505.2109375,24667.849609375,24667.849609375,2499818200
2021-09-17,24589.169921875,24920.759765625,24424.740234375,24920.759765625,24920.759765625,3102312100
2021-09-20,24640.4296875,24640.4296875,23871.83984375,24099.140625,24099.140625,2651590600
2021-09-21,23867.16015625,24284.869140625,23771.4609375,24221.5390625,24221.5390625,2079740100
2021-09-23,24614.140625,24827.4609375,24313.6796875,24510.98046875,24510.98046875,2711912400
2021-09-24,24487.240234375,24636.640625,24095.7890625,24192.16015625,24192.16015625,2014445100
2021-09-27,24131.419921875,24509.0,24131.419921875,24208.779296875,24208.779296875,2323611100
2021-09-28,24323.0,24679.4609375,24232.98046875,24500.390625,24500.390625,2457931200
2021-09-29,24276.7109375,24694.4609375,24045.990234375,24663.5,24663.5,2150210800
2021-09-30,24494.259765625,24660.6796875,24346.75,24575.640625,24575.640625,1580410200
2021-10-04,24478.6796875,24478.6796875,23908.05078125,24036.369140625,24036.369140625,1596284900
2021-10-05,23771.650390625,24180.080078125,23681.439453125,24104.150390625,24104.150390625,1716980100
2021-10-06,24259.19921875,24259.19921875,23812.349609375,23966.490234375,23966.490234375,1878722300
2021-10-07,24339.3203125,24741.279296875,24310.109375,24701.73046875,24701.73046875,1764575500
2021-10-08,25064.80078125,25064.80078125,24595.580078125,24837.849609375,24837.849609375,2359007900
2021-10-11,25161.80078125,25437.16015625,25161.80078125,25325.08984375,25325.08984375,2114303500
2021-10-12,24995.94921875,25188.779296875,24865.80078125,24962.58984375,24962.58984375,1835259400
2021-10-15,25187.05078125,25330.9609375,24929.560546875,25330.9609375,25330.9609375,2345247700
2021-10-18,25425.3203125,25425.3203125,25123.25,25409.75,25409.75,1648005300
2021-10-19,25471.25,25808.619140625,25458.029296875,25787.2109375,25787.2109375,1671194600
2021-10-20,26074.19921875,26214.630859375,25915.619140625,26136.01953125,26136.01953125,1823605200
2021-10-21,26141.849609375,26229.80078125,25840.58984375,26017.529296875,26017.529296875,2085122100
2021-10-22,26114.83984375,26195.2890625,25976.029296875,26126.9296875,26126.9296875,1699583700
2021-10-25,26020.779296875,26212.900390625,25929.669921875,26132.029296875,26132.029296875,1455214700
2021-10-26,26234.939453125,26234.939453125,25905.080078125,26038.26953125,26038.26953125,1533464400
2021-10-27,25795.169921875,25795.169921875,25555.169921875,25628.740234375,25628.740234375,1620780100
2021-10-28,25648.419921875,25736.380859375,25473.16015625,25555.73046875,25555.73046875,2021051100
2021-10-29,25466.859375,25516.220703125,25314.240234375,25377.240234375,25377.240234375,2051346200
2021-11-01,25268.349609375,25270.41015625,24972.5,25154.3203125,25154.3203125,1586722800
2021-11-02,25609.009765625,25639.66015625,25030.689453125,25099.669921875,25099.669921875,1964593300
2021-11-03,25060.9296875,25187.08984375,24808.58984375,25024.75,25024.75,1690457100
2021-11-04,25141.099609375,25244.98046875,25010.359375,25225.189453125,25225.189453125,1639485100
2021-11-05,24950.6796875,25049.369140625,24724.390625,24870.509765625,24870.509765625,2020689200
2021-11-08,24743.5390625,24837.76953125,24633.5703125,24763.76953125,24763.76953125,1762623700
2021-11-09,24952.8203125,24956.369140625,24678.66015625,24813.130859375,24813.130859375,1154696200
2021-11-10,24787.439453125,25013.109375,24481.259765625,24996.140625,24996.140625,1688052600
2021-11-11,24856.109375,25324.66015625,24836.2109375,25247.990234375,25247.990234375,2001862500
2021-11-12,25522.830078125,25527.130859375,25210.560546875,25327.970703125,25327.970703125,1632112200
2021-11-15,25437.990234375,25483.259765625,25230.330078125,25390.91015625,25390.91015625,1155801200
2021-11-16,25446.650390625,25746.7109375,25410.869140625,25713.779296875,25713.779296875,1528784400
2021-11-17,25667.810546875,25667.810546875,25520.669921875,25650.080078125,25650.080078125,1193809400
2021-11-18,25369.880859375,25414.2109375,25222.599609375,25319.720703125,25319.720703125,1342851200
2021-11-19,24934.400390625,25077.150390625,24825.4296875,25049.970703125,25049.970703125,1640364600
2021-11-22,25057.060546875,25099.94921875,24869.939453125,24951.33984375,24951.33984375,1510358900
2021-11-23,24688.990234375,24794.720703125,24618.740234375,24651.580078125,24651.580078125,1486270300
2021-11-24,24672.099609375,24851.529296875,24557.630859375,24685.5,24685.5,1791031000
2021-11-25,24699.689453125,24762.609375,24532.8203125,24740.16015625,24740.16015625,1188635100
2021-11-26,24502.6796875,24502.6796875,24062.259765625,24080.51953125,24080.51953125,1804123100
2021-11-29,23910.490234375,24134.3203125,23774.310546875,23852.240234375,23852.240234375,1741008500
2021-11-30,23782.859375,23888.369140625,23175.369140625,23475.259765625,23475.259765625,3344858000
2021-12-01,23595.5703125,23864.30078125,23537.650390625,23658.919921875,23658.919921875,2118634900
2021-12-02,23524.05078125,23807.0,23517.51953125,23788.9296875,23788.9296875,2328241400
2021-12-03,23675.259765625,23802.76953125,23451.9296875,23766.689453125,23766.689453125,2717889700
2021-12-06,23420.439453125,23628.30078125,23314.970703125,23349.380859375,23349.380859375,2357402800
2021-12-07,23704.509765625,23989.779296875,23512.5,23983.66015625,23983.66015625,2120328800
2021-12-08,24090.01953125,24097.98046875,23907.30078125,23996.869140625,23996.869140625,1778623400
2021-12-09,24168.41015625,24324.83984375,24153.720703125,24254.859375,24254.859375,1743251800
2021-12-10,24070.560546875,24214.6796875,23916.630859375,23995.720703125,23995.720703125,1413938100
2021-12-13,24242.259765625,24385.439453125,23936.9296875,23954.580078125,23954.580078125,1538105600
2021-12-14,23693.73046875,23817.580078125,23560.130859375,23635.94921875,23635.94921875,1553577700
2021-12-15,23658.0390625,23745.75,23325.919921875,23420.759765625,23420.759765625,1597121900
2021-12-16,23287.9296875,23526.05078125,23155.619140625,23475.5,23475.5,1498950200
2021-12-17,23463.779296875,23463.779296875,23158.69921875,23192.630859375,23192.630859375,2188694200
2021-12-20,23079.830078125,23145.30078125,22665.25,22744.859375,22744.859375,1681615600
2021-12-21,22795.5703125,23100.1796875,22730.080078125,22971.330078125,22971.330078125,1651194400
2021-12-22,23221.130859375,23258.7109375,22979.759765625,23102.330078125,23102.330078125,1230794100
2021-12-23,23141.7890625,23264.75,23027.150390625,23193.640625,23193.640625,1387904000
2021-12-24,23375.990234375,23383.189453125,23186.5703125,23223.759765625,23223.759765625,622879700
2021-12-28,23282.349609375,23319.439453125,23099.48046875,23280.560546875,23280.560546875,1433026700
2021-12-29,23253.98046875,23253.98046875,23008.279296875,23086.5390625,23086.5390625,828414400
2021-12-30,23130.44921875,23248.259765625,22990.240234375,23112.009765625,23112.009765625,1008366000
2021-12-31,23553.7890625,23590.119140625,23394.76953125,23397.669921875,23397.669921875,675936400
2022-01-03,23510.5390625,23605.029296875,23193.189453125,23274.75,23274.75,734331100
2022-01-04,23400.619140625,23439.30078125,23146.890625,23289.83984375,23289.83984375,1760141200
2022-01-05,23323.76953125,23323.76953125,22851.5,22907.25,22907.25,2768859000
2022-01-06,22843.19921875,23082.94921875,22709.599609375,23072.859375,23072.859375,1765786100
2022-01-07,23318.919921875,23497.5,23162.849609375,23493.380859375,23493.380859375,2602290600
2022-01-10,23523.900390625,23790.51953125,23399.08984375,23746.5390625,23746.5390625,2544917200
2022-01-11,23678.689453125,23863.830078125,23595.009765625,23739.060546875,23739.060546875,2331482400
2022-01-12,24069.51953125,24402.169921875,24069.51953125,24402.169921875,24402.169921875,2489491200
2022-01-13,24561.48046875,24561.48046875,24289.189453125,24429.76953125,24429.76953125,2160545100
2022-01-14,24185.859375,24383.3203125,24140.810546875,24383.3203125,24383.3203125,1840017300
2022-01-17,24390.2890625,24408.880859375,24111.740234375,24218.029296875,24218.029296875,1633511900
2022-01-18,24274.75,24385.05078125,24009.7109375,24112.779296875,24112.779296875,1638866400
2022-01-19,24229.779296875,24286.140625,23951.599609375,24127.849609375,24127.849609375,1729894900
2022-01-20,24263.150390625,24952.349609375,24233.1796875,24952.349609375,24952.349609375,2531394600
2022-01-21,24897.58984375,24982.029296875,24723.919921875,24965.55078125,24965.55078125,2370146600
2022-01-24,24693.4296875,24795.5390625,24570.869140625,24656.4609375,24656.4609375,1871541000
2022-01-25,24251.220703125,24366.890625,24001.9609375,24243.609375,24243.609375,2183354400
2022-01-26,24342.900390625,24487.30078125,24123.69921875,24289.900390625,24289.900390625,1959621300
2022-01-27,23952.009765625,23952.009765625,23565.0,23807.0,23807.0,1846826800
2022-01-28,23818.939453125,23848.01953125,23507.029296875,23550.080078125,23550.080078125,1777188300
2022-01-31,23624.140625,23975.69921875,23469.759765625,23802.259765625,23802.259765625,995464900
2022-02-04,24392.859375,24609.330078125,24140.890625,24573.2890625,24573.2890625,1832921400
2022-02-07,24609.4296875,24616.5,24365.890625,24579.55078125,24579.55078125,0
2022-02-08,24548.05078125,24548.05078125,24149.75,24329.490234375,24329.490234375,2294892100
2022-02-09,24727.33984375,24896.4296875,24690.44921875,24829.990234375,24829.990234375,2511123700
2022-02-10,25050.58984375,25050.58984375,24649.740234375,24924.349609375,24924.349609375,2097934100
2022-02-11,24837.19921875,24957.810546875,24732.650390625,24906.66015625,24906.66015625,2514710500
2022-02-14,24725.099609375,24733.109375,24482.859375,24556.5703125,24556.5703125,1978812000
2022-02-15,24458.5,24570.08984375,24219.900390625,24355.7109375,24355.7109375,2625908900
2022-02-16,24618.30078125,24728.9296875,24548.05078125,24718.900390625,24718.900390625,1815173000
2022-02-17,24722.880859375,24861.8203125,24523.94921875,24792.76953125,24792.76953125,1566206700
2022-02-18,24633.66015625,24763.369140625,24284.529296875,24327.7109375,24327.7109375,1677848400
2022-02-21,24109.58984375,24231.080078125,23998.76953125,24170.0703125,24170.0703125,1618294600
2022-02-22,23692.5390625,23813.640625,23336.779296875,23520.0,23520.0,2057604700
2022-02-23,23617.970703125,23745.0703125,23500.919921875,23660.279296875,23660.279296875,1416047900
2022-02-24,23268.029296875,23376.369140625,22786.390625,22901.560546875,22901.560546875,2997726900
2022-02-25,22908.099609375,23046.859375,22718.150390625,22767.1796875,22767.1796875,2524255600
2022-02-28,22818.169921875,22818.169921875,22406.119140625,22713.01953125,22713.01953125,2833849000
2022-03-01,22739.83984375,22937.560546875,22591.73046875,22761.7109375,22761.7109375,1796043100
2022-03-02,22568.359375,22712.439453125,22299.140625,22343.919921875,22343.919921875,2227896000
2022-03-03,22434.259765625,22543.419921875,22378.109375,22467.33984375,22467.33984375,1937725100
2022-03-04,21879.130859375,22017.939453125,21838.990234375,21905.2890625,21905.2890625,2438205000
2022-03-07,21308.900390625,21327.189453125,20826.359375,21057.630859375,21057.630859375,3322870000
2022-03-08,21082.390625,21303.51953125,20638.94921875,20765.869140625,20765.869140625,3231989700
2022-03-09,20820.01953125,20957.720703125,20102.5703125,20627.7109375,20627.7109375,3674580900
2022-03-10,21106.5703125,21114.439453125,20709.619140625,20890.259765625,20890.259765625,2694330600
2022-03-11,20460.029296875,20778.859375,20079.150390625,20553.7890625,20553.7890625,3019997500
2022-03-14,20203.83984375,20203.83984375,19416.779296875,19531.66015625,19531.66015625,4096127300
2022-03-15,18931.1796875,19392.689453125,18235.48046875,18415.080078125,18415.080078125,6012760100
2022-03-16,18956.01953125,20120.849609375,18584.0390625,20087.5,20087.5,5501050500
2022-03-17,21430.7109375,21501.23046875,20786.689453125,21501.23046875,21501.23046875,4826218000
2022-03-18,21232.880859375,21646.150390625,20922.369140625,21412.400390625,21412.400390625,4590509200
2022-03-21,21823.0703125,21823.0703125,21096.310546875,21221.33984375,21221.33984375,2340034100
2022-03-22,21319.189453125,21906.3203125,21266.900390625,21889.279296875,21889.279296875,2590383300
2022-03-23,22088.7890625,22423.509765625,21983.099609375,22154.080078125,22154.080078125,2835723800
2022-03-24,22002.869140625,22231.669921875,21900.130859375,21945.94921875,21945.94921875,2404819800
2022-03-25,21735.609375,21944.080078125,21289.259765625,21404.880859375,21404.880859375,2358152600
2022-03-28,21422.19921875,21790.970703125,21202.689453125,21684.970703125,21684.970703125,2200278800
2022-03-29,21771.2890625,21937.26953125,21722.169921875,21927.630859375,21927.630859375,2259328100
2022-03-30,22101.630859375,22391.349609375,22033.779296875,22232.029296875,22232.029296875,2729645500
2022-03-31,22262.16015625,22262.16015625,21922.580078125,21996.849609375,21996.849609375,2226286300
2022-04-01,21693.099609375,22039.55078125,21558.05078125,22039.55078125,22039.55078125,1937497800
2022-04-04,22227.109375,22523.640625,22124.029296875,22502.310546875,22502.310546875,1868076200
2022-04-06,22220.2109375,22244.990234375,22015.119140625,22080.51953125,22080.51953125,2749772600
2022-04-07,21910.400390625,22236.9296875,21779.189453125,21808.98046875,21808.98046875,2078973200
2022-04-08,21667.529296875,21872.009765625,21568.220703125,21872.009765625,21872.009765625,1739886100
2022-04-11,21688.029296875,21688.029296875,21132.5390625,21208.30078125,21208.30078125,2104906000
2022-04-12,21279.1796875,21519.130859375,20988.19921875,21319.130859375,21319.130859375,2045265200
2022-04-13,21192.619140625,21531.48046875,21141.060546875,21374.369140625,21374.369140625,1696862200
2022-04-14,21463.349609375,21587.470703125,21358.73046875,21518.080078125,21518.080078125,1719437600
2022-04-19,21106.0,21191.80078125,20896.4296875,21027.759765625,21027.759765625,2240088300
2022-04-20,20972.83984375,21214.98046875,20889.01953125,20944.669921875,20944.669921875,1876429100
2022-04-21,20780.859375,20920.599609375,20483.859375,20682.220703125,20682.220703125,2226185800
2022-04-22,20261.609375,20709.490234375,20184.9609375,20638.51953125,20638.51953125,2351346100
2022-04-25,20284.599609375,20284.599609375,19784.279296875,19869.33984375,19869.33984375,2912292500
2022-04-26,19989.0390625,20258.640625,19858.359375,19934.7109375,19934.7109375,2565706600
2022-04-27,19723.4609375,20053.109375,19665.490234375,19946.359375,19946.359375,2361021600
2022-04-28,20118.7890625,20286.830078125,19956.669921875,20276.169921875,20276.169921875,2255667000
2022-04-29,20271.400390625,21176.580078125,20040.0703125,21089.390625,21089.390625,2727108500
2022-05-03,20927.619140625,21291.80078125,20648.529296875,21101.890625,21101.890625,1741666900
2022-05-04,21025.69921875,21047.130859375,20772.80078125,20869.51953125,20869.51953125,1139909500
2022-05-05,21163.150390625,21284.849609375,20776.970703125,20793.400390625,20793.400390625,1827136200
2022-05-06,20287.060546875,20320.279296875,19973.470703125,20001.9609375,20001.9609375,2110559000
2022-05-10,19300.6796875,19758.630859375,19178.890625,19633.689453125,19633.689453125,2785651600
2022-05-11,19511.80078125,20083.490234375,19474.029296875,19824.5703125,19824.5703125,1958419000
2022-05-12,19556.890625,19731.26953125,19342.890625,19380.33984375,19380.33984375,2273639300
2022-05-13,19615.990234375,19925.439453125,19608.259765625,19898.76953125,19898.76953125,2075261400
2022-05-16,20131.529296875,20173.220703125,19764.9609375,19950.2109375,19950.2109375,1796370300
2022-05-17,20193.599609375,20626.419921875,20169.240234375,20602.51953125,20602.51953125,2207409300
2022-05-18,20674.23046875,20711.9296875,20389.609375,20644.279296875,20644.279296875,1945972100
2022-05-19,20146.9609375,20277.939453125,19924.869140625,20120.6796875,20120.6796875,2120940500
2022-05-20,20470.94921875,20794.130859375,20408.6796875,20717.240234375,20717.240234375,2173124300
2022-05-23,20608.650390625,20642.759765625,20303.55078125,20470.060546875,20470.060546875,1696099800
2022-05-24,20420.140625,20509.619140625,19989.619140625,20112.099609375,20112.099609375,1825206400
2022-05-25,20115.560546875,20370.740234375,20067.98046875,20171.26953125,20171.26953125,2097456800
2022-05-26,20272.220703125,20272.220703125,19890.759765625,20116.19921875,20116.19921875,1855500300
2022-05-27,20646.060546875,20779.75,20494.150390625,20697.359375,20697.359375,2565822400
2022-05-30,20933.5,21169.080078125,20885.01953125,21123.9296875,21123.9296875,2609326500
2022-05-31,21106.41015625,21415.19921875,21029.720703125,21415.19921875,21415.19921875,3919117100
2022-06-01,21407.7890625,21411.94921875,21154.0390625,21294.939453125,21294.939453125,2073470900
2022-06-02,21057.0390625,21115.779296875,20884.16015625,21082.130859375,21082.130859375,1816141700
2022-06-06,21282.509765625,21691.919921875,21030.0703125,21653.900390625,21653.900390625,2244704900
2022-06-07,21577.48046875,21744.4609375,21394.58984375,21531.669921875,21531.669921875,2145401800
2022-06-08,21788.890625,22064.119140625,21734.490234375,22014.58984375,22014.58984375,2943006300
2022-06-09,22121.529296875,22142.8203125,21737.939453125,21869.05078125,21869.05078125,2544549600
2022-06-10,21522.5,21935.009765625,21487.91015625,21806.1796875,21806.1796875,2686148300
2022-06-13,21162.529296875,21320.150390625,20993.759765625,21067.580078125,21067.580078125,2607011600
2022-06-14,20783.5390625,21175.009765625,20717.640625,21067.990234375,21067.990234375,1965884200
2022-06-15,21111.3203125,21431.0703125,21111.3203125,21308.2109375,21308.2109375,2301321000
2022-06-16,21515.640625,21545.83984375,20697.41015625,20845.4296875,20845.4296875,2341100400
2022-06-17,20716.740234375,21145.939453125,20697.169921875,21075.0,21075.0,3097480100
2022-06-20,20948.80078125,21175.98046875,20839.01953125,21163.91015625,21163.91015625,2085205800
2022-06-21,21264.98046875,21564.869140625,21175.94921875,21559.58984375,21559.58984375,2133396900
2022-06-22,21469.740234375,21519.580078125,21008.33984375,21008.33984375,21008.33984375,2470631200
2022-06-23,21157.580078125,21443.58984375,21010.890625,21273.869140625,21273.869140625,2007274200
2022-06-24,21450.6796875,21762.669921875,21408.66015625,21719.060546875,21719.060546875,2410823300
2022-06-27,21976.80078125,22414.4296875,21976.80078125,22229.51953125,22229.51953125,2994729200
2022-06-28,22144.630859375,22449.310546875,21952.439453125,22418.970703125,22418.970703125,2873985100
2022-06-29,22125.609375,22289.0703125,21844.05078125,21996.890625,21996.890625,2834486800
2022-06-30,21917.44921875,22111.91015625,21719.169921875,21859.7890625,21859.7890625,2822730100
2022-07-04,21690.6796875,21886.349609375,21458.630859375,21830.349609375,21830.349609375,2203708000
2022-07-05,22053.16015625,22198.509765625,21799.189453125,21853.0703125,21853.0703125,2143810000
2022-07-06,21777.640625,21833.400390625,21286.66015625,21586.66015625,21586.66015625,2886434300
2022-07-07,21352.69921875,21643.580078125,21200.9296875,21643.580078125,21643.580078125,1744594800
2022-07-08,21961.75,21961.75,21614.650390625,21725.779296875,21725.779296875,1565420200
2022-07-11,21470.76953125,21470.76953125,21001.630859375,21124.19921875,21124.19921875,1693929400
2022-07-12,20905.0703125,21084.08984375,20779.58984375,20844.740234375,20844.740234375,1745240700
2022-07-13,20911.529296875,21040.33984375,20751.48046875,20797.94921875,20797.94921875,2056959300
2022-07-14,20818.26953125,20888.80078125,20554.150390625,20751.2109375,20751.2109375,2371204800
2022-07-15,20522.109375,20656.9609375,20215.970703125,20297.720703125,20297.720703125,2526023900
2022-07-18,20479.580078125,20866.330078125,20294.140625,20846.1796875,20846.1796875,2053608500
2022-07-19,20719.19921875,20758.7109375,20549.439453125,20661.060546875,20661.060546875,1287501200
2022-07-20,20968.419921875,21111.779296875,20884.919921875,20890.220703125,20890.220703125,1405277200
2022-07-21,20811.599609375,20827.609375,20527.349609375,20574.630859375,20574.630859375,1760411700
2022-07-22,20717.470703125,20788.4609375,20513.80078125,20609.140625,20609.140625,1327660200
2022-07-25,20516.33984375,20595.08984375,20353.6796875,20562.939453125,20562.939453125,1377192600
2022-07-26,20676.6796875,20952.44921875,20631.8203125,20905.880859375,20905.880859375,1701166300
2022-07-27,20684.48046875,20770.099609375,20572.419921875,20670.0390625,20670.0390625,1729858600
2022-07-28,20705.4609375,20772.630859375,20533.419921875,20622.6796875,20622.6796875,1965166200
2022-07-29,20647.44921875,20647.44921875,20050.05078125,20156.509765625,20156.509765625,2181726400
2022-08-01,20026.599609375,20251.4296875,19883.919921875,20165.83984375,20165.83984375,1970707400
2022-08-02,19943.16015625,19943.16015625,19515.5390625,19689.2109375,19689.2109375,2291211500
2022-08-03,19865.689453125,19921.91015625,19685.48046875,19767.08984375,19767.08984375,1789743100
2022-08-04,20011.25,20216.580078125,19995.4609375,20174.0390625,20174.0390625,1924409500
2022-08-05,20283.58984375,20283.58984375,20096.5390625,20201.939453125,20201.939453125,1635424000
2022-08-08,20065.349609375,20171.890625,19954.0390625,20045.76953125,20045.76953125,1376942200
2022-08-09,20039.30078125,20250.869140625,19856.23046875,20003.439453125,20003.439453125,1497207600
2022-08-10,19956.509765625,19956.509765625,19469.109375,19610.83984375,19610.83984375,1730318000
2022-08-11,19840.5703125,20082.4296875,19789.9609375,20082.4296875,20082.4296875,1600822900
2022-08-12,20158.2890625,20208.01953125,20011.380859375,20175.619140625,20175.619140625,1567854600
2022-08-15,20038.48046875,20260.66015625,19984.0390625,20040.859375,20040.859375,1393358500
2022-08-16,20107.140625,20173.400390625,19662.609375,19830.51953125,19830.51953125,1947792800
2022-08-17,19995.76953125,20069.849609375,19800.580078125,19922.44921875,19922.44921875,1411797700
2022-08-18,19991.939453125,19991.939453125,19675.4609375,19763.91015625,19763.91015625,1586624700
2022-08-19,19656.80078125,19898.1796875,19656.80078125,19773.029296875,19773.029296875,1399802300
2022-08-22,19572.419921875,19825.9296875,19564.189453125,19656.98046875,19656.98046875,1596111900
2022-08-23,19644.23046875,19701.55078125,19377.08984375,19503.25,19503.25,1847479400
2022-08-24,19542.240234375,19542.240234375,19189.5390625,19268.740234375,19268.740234375,1997568500
2022-08-25,19418.4609375,19990.310546875,19418.4609375,19968.380859375,19968.380859375,1684299400
2022-08-26,20138.689453125,20185.150390625,20050.970703125,20170.0390625,20170.0390625,1868937800
2022-08-29,19960.2890625,20073.939453125,19889.669921875,20023.220703125,20023.220703125,1595204700
2022-08-30,20062.73046875,20062.73046875,19645.5703125,19949.029296875,19949.029296875,1658925400
2022-08-31,19589.849609375,20173.01953125,19564.83984375,19954.390625,19954.390625,2783305100
2022-09-01,19761.720703125,19839.509765625,19532.859375,19597.310546875,19597.310546875,2000258900
2022-09-02,19572.470703125,19630.80078125,19342.490234375,19452.08984375,19452.08984375,2095560800
2022-09-05,19299.08984375,19299.08984375,19064.7890625,19225.69921875,19225.69921875,2181084500
2022-09-06,19261.69921875,19358.01953125,19107.599609375,19202.73046875,19202.73046875,1716319000
2022-09-07,18915.869140625,19068.900390625,18818.779296875,19044.30078125,19044.30078125,1839592500
2022-09-08,19043.83984375,19075.740234375,18803.759765625,18854.619140625,18854.619140625,1718131700
2022-09-09,18893.650390625,19417.560546875,18893.650390625,19362.25,19362.25,1994834000
2022-09-13,19404.640625,19492.060546875,19296.25,19326.859375,19326.859375,1787223000
2022-09-14,18933.30078125,18989.220703125,18797.7890625,18847.099609375,18847.099609375,1731976600
2022-09-15,18833.900390625,19013.029296875,18833.900390625,18930.380859375,18930.380859375,1797327700
2022-09-16,18732.439453125,18905.279296875,18678.220703125,18761.689453125,18761.689453125,2793919500
2022-09-19,18695.349609375,18697.08984375,18494.5390625,18565.970703125,18565.970703125,1745749500
2022-09-20,18700.6796875,18861.470703125,18685.4609375,18781.419921875,18781.419921875,1478169400
2022-09-21,18638.849609375,18638.849609375,18434.650390625,18444.619140625,18444.619140625,1629375400
2022-09-22,18080.9296875,18195.08984375,17965.330078125,18147.94921875,18147.94921875,1729134100
2022-09-23,18055.58984375,18165.94921875,17926.2890625,17933.26953125,17933.26953125,1776795400
2022-09-26,17781.869140625,18077.640625,17727.400390625,17855.140625,17855.140625,2557096600
2022-09-27,17838.650390625,17904.2109375,17648.419921875,17860.310546875,17860.310546875,1900500000
2022-09-28,17703.390625,17703.390625,17184.5390625,17250.880859375,17250.880859375,2948457300
2022-09-29,17570.169921875,17629.669921875,17046.830078125,17165.869140625,17165.869140625,2534665600
2022-09-30,17165.9296875,17344.810546875,17016.279296875,17222.830078125,17222.830078125,2113942500
2022-10-03,17050.25,17252.109375,16906.9609375,17079.509765625,17079.509765625,1361001600
2022-10-05,17811.970703125,18164.19921875,17682.849609375,18087.970703125,18087.970703125,2256107700
2022-10-06,18100.48046875,18143.849609375,17958.140625,18012.150390625,18012.150390625,1082368000
2022-10-07,17851.619140625,17881.869140625,17717.73046875,17740.05078125,17740.05078125,1129251000
2022-10-10,17449.359375,17449.359375,17174.609375,17216.66015625,17216.66015625,1771824300
2022-10-11,17194.73046875,17206.509765625,16789.970703125,16832.359375,16832.359375,1797693500
2022-10-12,16758.26953125,17040.69921875,16438.599609375,16701.029296875,16701.029296875,2407431400
2022-10-13,16700.650390625,16736.58984375,16389.109375,16389.109375,16389.109375,2241934000
2022-10-14,16671.6796875,17028.6796875,16535.369140625,16587.689453125,16587.689453125,2322665100
2022-10-17,16479.740234375,16754.51953125,16308.9501953125,16612.900390625,16612.900390625,2061247900
2022-10-18,16860.19921875,16914.580078125,16558.41015625,16914.580078125,16914.580078125,1971282000
2022-10-19,16805.91015625,16923.119140625,16508.369140625,16511.279296875,16511.279296875,1713974900
2022-10-20,16230.7900390625,16452.970703125,16010.7197265625,16280.2197265625,16280.2197265625,2295268600
2022-10-21,16331.1103515625,16359.0400390625,16137.1796875,16211.1201171875,16211.1201171875,2052413100
2022-10-24,15894.75,15993.8798828125,15082.83984375,15180.6904296875,15180.6904296875,3597357500
2022-10-25,15242.099609375,15435.3701171875,14947.3896484375,15165.58984375,15165.58984375,3275325600
2022-10-26,15096.3203125,15584.0595703125,15041.400390625,15317.669921875,15317.669921875,2718640800
2022-10-27,15721.26953125,15833.2802734375,15410.9697265625,15427.9404296875,15427.9404296875,2526173200
2022-10-28,15424.9404296875,15441.990234375,14770.08984375,14863.0595703125,14863.0595703125,3051258500
2022-10-31,14830.6904296875,15113.150390625,14597.3095703125,14687.01953125,14687.01953125,4183641700
2022-11-01,14859.919921875,15632.849609375,14859.919921875,15455.26953125,15455.26953125,3787359000
2022-11-02,15389.5498046875,15867.240234375,15276.759765625,15827.169921875,15827.169921875,2774638200
2022-11-03,15477.740234375,15623.1796875,15301.669921875,15339.490234375,15339.490234375,2544805200
2022-11-04,15442.759765625,16513.16015625,15442.759765625,16161.1396484375,16161.1396484375,3951121100
2022-11-07,16031.7900390625,16821.890625,15980.849609375,16595.91015625,16595.91015625,3227830100
2022-11-08,16640.599609375,16719.009765625,16429.810546875,16557.310546875,16557.310546875,2071208700
2022-11-09,16552.80078125,16730.19921875,16213.0302734375,16358.51953125,16358.51953125,3270965100
2022-11-10,16138.2197265625,16138.2197265625,15945.2001953125,16081.0400390625,16081.0400390625,2204747800
2022-11-11,17120.05078125,17368.0390625,16829.0,17325.66015625,17325.66015625,5112566000
2022-11-14,17999.259765625,18011.640625,17518.880859375,17619.7109375,17619.7109375,5547517900
2022-11-15,17665.80078125,18356.779296875,17552.30078125,18343.119140625,18343.119140625,4900022200
2022-11-16,18169.2109375,18414.08984375,18031.869140625,18256.48046875,18256.48046875,3918387100
2022-11-17,18071.599609375,18220.810546875,17711.83984375,18045.66015625,18045.66015625,2930448500
2022-11-18,18316.359375,18378.060546875,17910.189453125,17992.5390625,17992.5390625,2792874200
2022-11-21,17654.150390625,17746.33984375,17389.44921875,17655.91015625,17655.91015625,2230983500
2022-11-22,17625.189453125,17751.9296875,17287.599609375,17424.41015625,17424.41015625,3024902000
2022-11-23,17460.900390625,17640.83984375,17375.9609375,17523.810546875,17523.810546875,2423764400
2022-11-24,17684.529296875,17759.240234375,17517.119140625,17660.900390625,17660.900390625,2910419300
2022-11-25,17673.19921875,17673.19921875,17412.0390625,17573.580078125,17573.580078125,3176711400
2022-11-28,17000.23046875,17364.2109375,16833.6796875,17297.939453125,17297.939453125,2799254000
2022-11-29,17558.599609375,18204.6796875,17536.44921875,18204.6796875,18204.6796875,4273394700
2022-11-30,18141.560546875,18645.349609375,18052.3203125,18597.23046875,18597.23046875,5359650800
2022-12-01,19058.900390625,19237.44921875,18679.349609375,18736.439453125,18736.439453125,4262000300
2022-12-02,18785.279296875,18841.220703125,18530.8203125,18675.349609375,18675.349609375,3757394000
2022-12-05,19221.6796875,19539.599609375,19035.140625,19518.2890625,19518.2890625,4890142300
2022-12-06,19211.69921875,19569.669921875,19202.869140625,19441.1796875,19441.1796875,3552078500
2022-12-07,19380.80078125,19737.310546875,18799.810546875,18814.8203125,18814.8203125,5308866200
2022-12-08,18965.05078125,19521.599609375,18965.05078125,19450.23046875,19450.23046875,2856166600
2022-12-09,19484.23046875,19926.48046875,19404.5,19900.869140625,19900.869140625,4023277500
2022-12-12,19594.51953125,19718.080078125,19366.220703125,19463.630859375,19463.630859375,3115198500
2022-12-13,19458.01953125,19707.75,19382.30078125,19596.19921875,19596.19921875,2584117300
2022-12-14,19775.330078125,19859.75,19528.7109375,19673.44921875,19673.44921875,2758656100
2022-12-15,19612.669921875,19675.6796875,19233.859375,19368.58984375,19368.58984375,2243394000
2022-12-16,19343.69921875,19621.130859375,19130.529296875,19450.669921875,19450.669921875,2875978600
2022-12-19,19472.2109375,19786.2890625,19255.94921875,19352.810546875,19352.810546875,2238224700
2022-12-20,19156.939453125,19283.140625,18885.19921875,19094.80078125,19094.80078125,1938516900
2022-12-21,19190.91015625,19255.740234375,19063.30078125,19160.490234375,19160.490234375,1348431000
2022-12-22,19537.44921875,19735.0,19475.6796875,19679.220703125,19679.220703125,1939795100
2022-12-23,19382.23046875,19686.76953125,19380.470703125,19593.060546875,19593.060546875,1363741800
2022-12-28,19787.939453125,20099.76953125,19787.939453125,19898.91015625,19898.91015625,2823780600
2022-12-29,19648.400390625,19764.51953125,19539.83984375,19741.140625,19741.140625,2902362900
2022-12-30,20030.849609375,20073.919921875,19781.41015625,19781.41015625,19781.41015625,1747706800
