date,open,high,low,close,volume
2020-01-02,3073.93,3107.52,3073.93,3090.83,500364000.00000006
2020-01-03,3097.25,3097.41,3072.11,3078.28,371855000.0
2020-01-06,3062.28,3090.84,3040.19,3056.84,477078000.0
2020-01-07,3063.75,3080.27,3061.56,3074.02,343718000.0
2020-01-08,3058.36,3058.7,3030.1,3037.85,376538000.0
2020-01-09,3060.77,3071.54,3055.99,3067.55,331505000.0
2020-01-10,3079.08,3081.96,3058.16,3067.88,285424000.0
2020-01-13,3069.68,3090.13,3054.88,3090.13,293308000.0
2020-01-14,3097.72,3108.18,3078.46,3080.6,351290000.0
2020-01-15,3078.25,3086.97,3052.7,3058.01,281161000.0
2020-01-16,3067.95,3068.2,3039.07,3043.09,283123000.0
2020-01-17,3054.04,3067.56,3042.59,3053.17,233044999.99999997
2020-01-20,3070.67,3072.29,3054.45,3065.99,272748000.0
2020-01-21,3048.95,3050.82,3011.18,3012.11,328013000.0
2020-01-22,2996.81,3023.9,2965.66,3017.88,331598000.0
2020-01-23,2993.77,2993.77,2910.39,2932.49,428393999.99999994
2020-02-03,2676.01,2755.84,2676.01,2727.09,586092000.0
2020-02-04,2724.13,2796.71,2724.13,2794.66,570164000.0
2020-02-05,2803.74,2833.21,2782.42,2812.9,441821000.0
2020-02-06,2829.51,2866.39,2809.37,2854.89,421343000.0
2020-02-07,2836.8,2851.82,2819.67,2851.71,344436000.0
2020-02-10,2826.8,2854.83,2817.77,2850.06,336549000.0
2020-02-11,2858.92,2893.07,2854.07,2879.86,360282000.0
2020-02-12,2876.67,2895.93,2870.77,2895.59,312308000.0
2020-02-13,2898.4,2906.72,2871.26,2875.48,374348000.0
2020-02-14,2870.71,2900.2,2870.63,2895.06,351260000.0
2020-02-17,2901.69,2950.28,2898.59,2950.07,452964999.99999994
2020-02-18,2940.65,2944.43,2914.96,2924.4,380990000.0
2020-02-19,2917.12,2942.35,2914.59,2923.76,402703000.0
2020-02-20,2931.37,2981.27,2920.8,2978.18,502297999.99999994
2020-02-21,2965.6,2991.06,2959.51,2968.14,469202000.00000006
2020-02-24,2949.98,2953.29,2922.16,2930.03,486376000.0
2020-02-25,2891.98,2912.16,2869.64,2909.32,531579000.0
2020-02-26,2877.46,2930.02,2872.83,2901.67,629650000.0
2020-02-27,2904.87,2927.2,2903.75,2912.04,421522999.99999994
2020-02-28,2860.28,2880.79,2818.43,2821.04,584800000.0
2020-03-02,2837.77,2922.95,2837.77,2907.89,548848000.0
2020-03-03,2941.68,2948.55,2910.76,2921.44,531614000.00000006
2020-03-04,2921.07,2949.57,2919.37,2947.57,425695000.0
2020-03-05,2966.69,3023.12,2956.65,3018.07,604980000.0
2020-03-06,2989.76,2999.49,2962.4,2964.83,418553000.0
2020-03-09,2908.63,2908.63,2864.49,2868.83,588647000.0
2020-03-10,2859.87,2935.09,2852.93,2924.22,480505000.0
2020-03-11,2927.83,2927.83,2888.36,2888.36,364421000.0
2020-03-12,2858.51,2866.14,2828.29,2841.98,370236000.0
2020-03-13,2720.61,2826.72,2715.14,2798.77,490614000.00000006
2020-03-16,2800.0,2800.18,2689.9,2694.02,469712000.0
2020-03-17,2696.7,2734.8,2629.18,2685.59,415327000.00000006
2020-03-18,2695.42,2724.3,2625.6,2625.75,376814000.0
2020-03-19,2611.75,2630.05,2517.3,2569.79,495235000.00000006
2020-03-20,2597.98,2636.14,2580.36,2628.42,372314000.0
2020-03-23,2548.85,2586.11,2548.0,2559.62,325497000.0
2020-03-24,2608.24,2641.87,2592.61,2639.38,368684000.0
2020-03-25,2700.1,2711.12,2681.09,2700.19,384912000.0
2020-03-26,2676.62,2716.34,2673.44,2689.28,282260000.0
2020-03-27,2722.47,2733.52,2701.44,2701.44,353869000.0
2020-03-30,2667.12,2696.33,2664.72,2690.04,340497000.0
2020-03-31,2713.5,2716.02,2684.21,2689.38,302990000.0
2020-04-01,2684.5,2722.32,2680.08,2682.08,275194000.0
2020-04-02,2667.94,2719.89,2665.81,2719.89,287309000.0
2020-04-03,2707.82,2720.84,2697.83,2708.82,244446000.0
2020-04-07,2756.27,2762.31,2743.16,2757.41,359547000.0
2020-04-08,2742.36,2753.49,2736.09,2743.89,254017000.0
2020-04-09,2754.72,2760.59,2749.42,2752.59,238205000.00000003
2020-04-10,2755.2,2787.28,2742.52,2749.85,254448000.0
2020-04-13,2740.09,2749.48,2731.03,2739.17,191877000.0
2020-04-14,2756.5,2785.8,2745.99,2785.72,267230000.00000003
2020-04-15,2783.28,2788.09,2761.44,2764.49,230515000.0
2020-04-16,2751.69,2771.43,2750.29,2768.26,230164000.0
2020-04-17,2790.83,2825.96,2782.71,2809.08,348697000.0
2020-04-20,2812.8,2821.01,2799.92,2819.79,276276000.0
2020-04-21,2808.91,2808.91,2767.27,2784.53,249437000.0
2020-04-22,2774.44,2804.24,2768.4,2804.24,206946000.0
2020-04-23,2813.73,2820.24,2794.46,2797.66,245296000.0
2020-04-24,2789.05,2789.05,2770.34,2776.02,199148000.0
2020-04-27,2786.47,2818.54,2783.17,2805.22,231471000.0
2020-04-28,2814.23,2832.06,2781.15,2825.14,270842000.0
2020-04-29,2814.6,2852.1,2814.07,2844.81,254301000.00000003
2020-04-30,2851.14,2882.7,2851.14,2861.91,303891000.0
2020-05-06,2823.29,2865.11,2823.27,2863.85,354598000.0
2020-05-07,2860.96,2863.16,2845.66,2854.42,239019999.99999997
2020-05-08,2864.86,2883.69,2858.11,2873.01,270372000.0
2020-05-11,2876.77,2897.99,2864.96,2871.85,253090000.0
2020-05-12,2871.31,2880.5,2855.02,2869.6,213302000.0
2020-05-13,2860.82,2869.7,2845.34,2867.71,183257000.0
2020-05-14,2854.78,2854.78,2833.95,2834.53,198183000.0
2020-05-15,2845.91,2849.17,2818.37,2819.69,194706000.0
2020-05-18,2821.73,2849.85,2813.26,2837.17,226269000.0
2020-05-19,2869.23,2872.7,2854.89,2860.67,227055000.00000003
2020-05-20,2861.59,2864.67,2847.26,2856.14,199492000.0
2020-05-21,2866.74,2867.91,2844.14,2846.82,190711000.0
2020-05-22,2840.88,2841.11,2775.31,2775.81,259713000.0
2020-05-25,2784.43,2789.82,2762.3,2789.71,186749000.0
2020-05-26,2806.25,2811.83,2796.85,2808.84,181104000.0
2020-05-27,2810.47,2814.56,2790.84,2795.48,197600000.0
2020-05-28,2797.37,2830.46,2785.32,2809.66,229434000.0
2020-05-29,2791.62,2813.82,2788.87,2806.66,214710000.0
2020-06-01,2832.22,2873.05,2832.22,2870.36,284334000.0
2020-06-02,2864.53,2890.81,2862.68,2885.92,267039000.0
2020-06-03,2900.87,2922.78,2889.08,2889.11,278410000.0
2020-06-04,2900.96,2902.9,2876.44,2883.36,218946999.99999997
2020-06-05,2886.23,2896.35,2871.87,2896.35,212696999.99999997
2020-06-08,2907.68,2925.2,2904.03,2909.59,293006000.0
2020-06-09,2911.95,2931.54,2905.84,2928.3,244009000.0
2020-06-10,2925.17,2925.17,2905.21,2908.48,227177000.0
2020-06-11,2899.49,2907.66,2867.2,2876.51,289985000.0
2020-06-12,2840.8,2884.99,2837.55,2884.12,340959000.0
2020-06-15,2862.49,2875.03,2838.61,2838.61,293105000.0
2020-06-16,2867.71,2879.53,2861.01,2878.99,242183000.0
2020-06-17,2879.85,2882.1,2864.16,2881.13,222446000.0
2020-06-18,2872.17,2892.12,2860.5,2888.96,276343000.0
2020-06-19,2891.31,2933.9,2888.92,2925.94,371374000.0
2020-06-22,2921.3,2947.61,2912.49,2921.89,372630000.0
2020-06-23,2913.01,2929.8,2902.12,2925.42,275401000.0
2020-06-24,2928.52,2947.19,2926.84,2943.47,301796000.0
2020-06-29,2935.54,2942.49,2909.45,2925.48,324834000.0
2020-06-30,2933.93,2951.12,2928.68,2942.07,270156000.0
2020-07-01,2950.49,3010.36,2941.38,3009.86,426681000.00000006
2020-07-02,3005.36,3088.96,3003.78,3084.24,672238000.0
2020-07-03,3101.39,3159.17,3101.26,3159.16,782094000.0
2020-07-06,3198.74,3384.87,3198.74,3374.14,1221679000.0
2020-07-07,3438.86,3465.47,3381.76,3381.76,1086241000.0
2020-07-08,3378.11,3466.63,3371.59,3429.94,914571999.9999999
2020-07-09,3426.6,3451.93,3403.73,3442.02,849344000.0
2020-07-10,3404.0,3411.09,3338.59,3351.78,790465000.0
2020-07-13,3338.71,3421.94,3327.7,3390.12,800242000.0
2020-07-14,3374.07,3391.9,3310.89,3348.03,767864000.0
2020-07-15,3363.92,3374.29,3303.15,3313.76,704120000.0
2020-07-16,3313.56,3326.69,3162.03,3162.03,746831000.0
2020-07-17,3181.7,3223.54,3151.22,3185.89,494491000.0
2020-07-20,3219.92,3293.63,3189.47,3287.92,630475000.0
2020-07-21,3302.72,3305.2,3272.47,3286.81,445120000.0
2020-07-22,3278.74,3354.72,3273.81,3291.36,544038000.0
2020-07-23,3263.07,3303.43,3224.51,3284.11,556656000.0
2020-07-24,3265.52,3270.56,3136.64,3158.29,606381000.0
2020-07-27,3178.05,3194.14,3136.03,3163.23,376275000.0
2020-07-28,3188.96,3205.57,3168.9,3185.89,357105000.0
2020-07-29,3184.72,3245.7,3171.04,3243.38,436487000.0
2020-07-30,3252.2,3263.19,3231.36,3231.52,361089000.0
2020-07-31,3226.42,3284.38,3199.91,3249.34,428979000.0
2020-08-03,3271.18,3284.79,3251.82,3281.1,482989999.99999994
2020-08-04,3293.92,3329.56,3279.14,3312.13,625405000.0
2020-08-05,3298.14,3300.9,3257.29,3292.31,455793000.0
2020-08-06,3295.43,3311.36,3243.65,3292.2,489458000.0
2020-08-07,3277.44,3288.79,3219.42,3263.75,489810000.00000006
2020-08-10,3250.54,3309.98,3232.09,3285.76,532714000.00000006
2020-08-11,3291.34,3333.75,3257.37,3262.82,538228000.0
2020-08-12,3255.54,3266.58,3199.55,3249.74,510249000.0
2020-08-13,3261.13,3265.51,3230.17,3241.84,370921000.0
2020-08-14,3236.95,3292.03,3230.21,3288.51,367475000.0
2020-08-17,3300.9,3397.5,3299.21,3368.85,758990000.0
2020-08-18,3369.87,3377.52,3350.78,3367.33,474442000.0
2020-08-19,3361.72,3366.68,3306.33,3307.66,444193999.99999994
2020-08-20,3285.2,3288.21,3252.18,3264.53,370529000.0
2020-08-21,3287.43,3299.94,3261.55,3284.73,280501000.0
2020-08-24,3306.56,3320.97,3291.66,3298.72,296662000.0
2020-08-25,3312.03,3335.03,3300.2,3310.84,284500000.0
2020-08-26,3308.93,3327.82,3269.09,3277.89,329224000.0
2020-08-27,3286.78,3291.68,3257.57,3290.79,281358000.0
2020-08-28,3296.52,3372.74,3286.14,3368.44,390087000.0
2020-08-31,3386.62,3408.58,3343.21,3343.89,479052000.00000006
2020-09-01,3333.21,3355.1,3328.12,3355.1,304665000.0
2020-09-02,3371.57,3373.35,3316.5,3347.3,355123000.0
2020-09-03,3349.26,3374.01,3322.9,3334.41,312524000.0
2020-09-04,3293.49,3314.55,3283.31,3309.21,286375000.0
2020-09-07,3303.64,3328.72,3243.43,3253.43,325801000.0
2020-09-08,3267.31,3296.14,3249.25,3289.91,323806000.0
2020-09-09,3253.5,3267.86,3217.15,3235.7,300966000.0
2020-09-10,3264.32,3273.9,3239.58,3245.5,299738000.0
2020-09-11,3238.47,3270.59,3230.32,3265.5,235103000.00000003
2020-09-14,3283.93,3298.93,3275.3,3294.15,211259000.0
2020-09-15,3291.2,3321.18,3275.06,3317.64,213164000.0
2020-09-16,3314.21,3322.32,3283.88,3295.58,222292000.0
2020-09-17,3286.15,3287.26,3253.52,3264.69,234231000.0
2020-09-18,3267.63,3347.78,3264.33,3347.78,445780000.0
2020-09-21,3359.23,3360.92,3311.11,3311.59,297996000.0
2020-09-22,3285.77,3319.95,3260.49,3270.52,268201000.00000003
2020-09-23,3271.47,3284.4,3256.18,3275.74,204678000.0
2020-09-24,3259.12,3264.83,3214.7,3218.72,256476000.00000003
2020-09-25,3232.69,3244.03,3219.31,3229.78,209102000.0
2020-09-28,3237.3,3268.26,3237.3,3250.5,209744000.0
2020-09-29,3266.01,3266.94,3241.32,3241.32,190277000.0
2020-09-30,3252.59,3269.31,3218.55,3232.42,226948999.99999997
2020-10-09,3281.46,3296.67,3274.19,3286.86,246244000.0
2020-10-12,3302.98,3388.6,3302.62,3387.88,397736000.0
2020-10-13,3381.64,3391.99,3363.98,3386.89,279283000.0
2020-10-14,3380.56,3380.56,3359.62,3369.5,258226000.00000003
2020-10-15,3369.72,3392.93,3363.81,3371.4,273852000.0
2020-10-16,3374.17,3400.42,3362.18,3380.17,349323000.0
2020-10-19,3398.75,3430.56,3349.16,3354.31,412647000.0
2020-10-20,3352.03,3365.18,3340.84,3363.5,263925000.0
2020-10-21,3372.69,3380.05,3351.72,3377.42,313295000.0
2020-10-22,3370.08,3378.65,3328.32,3369.53,273989000.0
2020-10-23,3364.6,3395.41,3346.61,3346.61,339116000.0
2020-10-26,3320.03,3328.68,3288.58,3304.7,346501000.0
2020-10-27,3298.06,3305.61,3281.62,3294.09,255794999.99999997
2020-10-28,3295.44,3324.8,3285.04,3313.23,282798000.0
2020-10-29,3278.98,3351.12,3277.57,3324.44,302190000.0
2020-10-30,3321.94,3332.87,3271.27,3280.38,357371000.0
2020-11-02,3280.62,3298.08,3249.96,3265.9,346654000.0
2020-11-03,3284.04,3324.41,3282.55,3307.48,340855000.0
2020-11-04,3311.54,3340.53,3301.32,3332.19,283449000.0
2020-11-05,3366.4,3386.98,3345.2,3369.5,312771000.0
2020-11-06,3380.2,3380.2,3339.47,3359.12,350319000.0
2020-11-09,3382.8,3428.13,3382.8,3418.28,439181000.00000006
2020-11-10,3439.36,3440.56,3402.38,3416.14,417616000.0
2020-11-11,3415.88,3432.27,3407.84,3411.23,404152000.0
2020-11-12,3413.21,3420.65,3387.33,3397.35,270985000.0
2020-11-13,3376.91,3377.16,3318.45,3338.31,345137000.0
2020-11-16,3352.69,3377.11,3344.4,3377.11,323249000.0
2020-11-17,3376.87,3388.96,3362.5,3379.27,330742000.0
2020-11-18,3377.84,3408.3,3373.0,3387.04,436059000.0
2020-11-19,3377.23,3415.86,3372.84,3410.09,326062000.0
2020-11-20,3407.73,3415.25,3398.79,3411.93,297207000.0
2020-11-23,3427.78,3485.89,3426.78,3469.8,492516000.0
2020-11-24,3461.43,3470.91,3437.73,3442.72,342401000.0
2020-11-25,3461.48,3475.25,3420.29,3420.29,406638000.0
2020-11-26,3418.56,3447.61,3414.06,3445.74,334653000.0
2020-11-27,3453.31,3498.66,3447.61,3498.66,539012000.0
2020-11-30,3509.66,3570.22,3469.42,3469.42,842929999.9999999
2020-12-01,3480.56,3559.07,3476.94,3554.01,524887000.0
2020-12-02,3555.6,3568.72,3527.12,3545.34,394428000.0
2020-12-03,3545.28,3550.1,3519.43,3536.81,358679000.0
2020-12-04,3535.94,3546.71,3504.43,3541.52,332386000.0
2020-12-07,3547.93,3548.78,3495.65,3509.94,354507000.0
2020-12-08,3512.86,3529.35,3490.89,3499.06,289359000.0
2020-12-09,3511.76,3517.92,3468.0,3468.53,306547000.0
2020-12-10,3464.94,3478.91,3442.15,3459.03,292284000.0
2020-12-11,3473.87,3477.47,3404.93,3427.86,389064000.0
2020-12-14,3443.03,3472.12,3435.31,3467.77,249821999.99999997
2020-12-15,3466.49,3476.88,3443.86,3468.83,261542000.0
2020-12-16,3480.93,3494.65,3469.55,3485.4,224625000.0
2020-12-17,3497.39,3543.73,3491.92,3539.54,270912000.0
2020-12-18,3529.02,3538.57,3493.3,3507.97,262778000.00000003
2020-12-21,3505.91,3531.42,3481.26,3522.26,267176000.00000003
2020-12-22,3519.05,3526.11,3467.53,3470.9,348785000.0
2020-12-23,3483.19,3516.02,3473.1,3494.59,272388000.0
2020-12-24,3495.85,3521.04,3474.02,3489.27,201196000.0
2020-12-25,3476.55,3514.51,3468.4,3512.49,210546999.99999997
2020-12-28,3514.71,3548.53,3503.97,3523.84,264133000.0
2020-12-29,3533.13,3539.67,3513.66,3517.35,260146000.0
2020-12-30,3513.79,3574.21,3512.31,3574.13,267871999.99999997
2020-12-31,3581.45,3646.75,3581.36,3640.64,365748000.0
2021-01-04,3632.69,3659.17,3608.34,3643.36,435466000.0
2021-01-05,3627.65,3683.36,3620.56,3683.36,472337000.0
2021-01-06,3688.95,3736.65,3670.54,3736.65,451660999.99999994
2021-01-07,3750.88,3808.07,3729.99,3808.07,429181000.00000006
2021-01-08,3815.57,3833.86,3752.09,3788.32,415856000.00000006
2021-01-11,3794.83,3849.68,3763.15,3776.53,474510000.00000006
2021-01-12,3764.65,3906.12,3764.65,3906.12,481759000.0
2021-01-13,3914.0,3931.95,3844.28,3873.23,552738000.0
2021-01-14,3863.1,3866.95,3800.79,3811.22,508689000.00000006
2021-01-15,3825.54,3866.01,3789.48,3817.93,556352000.0
2021-01-18,3807.99,3873.45,3796.43,3849.4,422484000.0
2021-01-19,3855.75,3862.11,3792.59,3808.69,427471000.0
2021-01-20,3813.91,3838.31,3790.54,3814.65,343723000.0
2021-01-21,3833.78,3874.67,3812.81,3850.06,367302000.0
2021-01-22,3851.13,3862.89,3823.33,3846.39,382595000.0
2021-01-25,3843.49,3903.19,3828.75,3898.15,373365000.0
2021-01-26,3878.25,3878.25,3809.66,3813.29,295844000.0
2021-01-27,3818.42,3831.62,3790.81,3818.27,287061000.0
2021-01-28,3771.79,3779.41,3720.12,3735.03,300412000.0
2021-01-29,3758.89,3767.01,3675.49,3713.25,327423000.0
2021-02-01,3712.78,3747.73,3699.2,3746.37,294890000.0
2021-02-02,3751.74,3774.06,3731.52,3771.47,288587000.0
2021-02-03,3768.71,3796.43,3747.38,3775.72,316092000.0
2021-02-04,3764.43,3820.34,3759.43,3801.62,331638000.0
2021-02-05,3819.8,3876.68,3808.17,3840.77,415837000.0
2021-02-08,3856.94,3896.54,3835.1,3890.47,333399000.0
2021-02-09,3900.86,3952.94,3871.79,3952.83,327401000.0
2021-02-10,3967.68,4039.23,3967.36,4028.53,389586000.0
2021-02-18,4097.87,4110.18,3996.63,4014.32,512031000.00000006
2021-02-19,3994.83,4023.88,3956.98,4014.46,428997000.0
2021-02-22,4020.01,4020.01,3879.48,3881.87,587264000.0
2021-02-23,3854.16,3942.09,3854.16,3897.72,434556000.00000006
2021-02-24,3902.36,3910.01,3766.6,3805.47,393439000.0
2021-02-25,3844.62,3878.21,3818.71,3851.03,466889999.99999994
2021-02-26,3768.9,3819.04,3753.44,3756.86,415731000.00000006
2021-03-01,3793.37,3795.05,3747.58,3787.87,336577000.0
2021-03-02,3812.35,3812.35,3689.01,3718.77,352162000.0
2021-03-03,3710.26,3818.07,3708.23,3817.41,365796000.0
2021-03-04,3769.97,3781.28,3686.09,3708.66,363737000.0
2021-03-05,3655.91,3721.28,3627.29,3688.68,361376000.0
2021-03-08,3713.46,3732.78,3571.42,3573.43,417530000.0
2021-03-09,3570.26,3595.19,3489.97,3509.61,423441000.0
2021-03-10,3563.56,3572.37,3528.32,3532.05,280963000.0
2021-03-11,3554.68,3633.77,3554.68,3625.31,310562000.0
2021-03-12,3647.51,3647.51,3600.39,3632.58,351397000.0
2021-03-15,3620.04,3627.31,3539.49,3566.88,374888000.0
2021-03-16,3579.01,3608.11,3556.62,3599.16,283940000.0
2021-03-17,3588.23,3616.94,3552.49,3590.83,262296000.0
2021-03-18,3598.85,3619.33,3586.5,3605.6,234069000.0
2021-03-19,3565.09,3573.06,3496.38,3512.02,346813000.0
2021-03-22,3516.66,3558.94,3511.72,3538.43,263934000.0
2021-03-23,3541.33,3542.82,3482.59,3516.36,253109000.0
2021-03-24,3507.55,3528.73,3457.44,3466.04,256398000.0
2021-03-25,3454.46,3479.13,3439.51,3463.87,232617999.99999997
2021-03-26,3483.69,3539.23,3480.33,3529.73,248108000.0
2021-03-29,3543.25,3563.4,3510.41,3537.71,282058000.0
2021-03-30,3541.38,3582.02,3531.63,3577.24,257790000.0
2021-03-31,3573.86,3573.86,3518.17,3539.37,299853000.0
2021-04-01,3547.46,3586.36,3545.09,3582.65,213577000.0
2021-04-02,3592.88,3616.8,3583.04,3616.76,233967000.0
2021-04-06,3624.8,3624.8,3581.76,3594.71,179745000.0
2021-04-07,3593.17,3593.17,3537.06,3558.47,228000000.0
2021-04-08,3541.06,3582.91,3533.32,3573.04,194735000.0
2021-04-09,3564.66,3565.22,3504.49,3514.11,196859000.0
2021-04-12,3505.71,3520.73,3465.65,3477.07,248550000.0
2021-04-13,3483.01,3505.39,3448.57,3461.46,210742999.99999997
2021-04-14,3469.4,3484.06,3442.23,3469.17,195003000.0
2021-04-15,3456.55,3456.55,3399.76,3431.49,212627000.0
2021-04-16,3445.09,3456.72,3411.1,3448.1,186881000.0
2021-04-19,3449.05,3515.88,3426.82,3513.4,271935000.0
2021-04-20,3496.81,3532.79,3491.89,3510.12,211766000.0
2021-04-21,3493.79,3524.54,3488.49,3516.1,207501000.00000003
2021-04-22,3521.98,3524.71,3477.06,3487.43,226791000.0
2021-04-23,3487.12,3533.23,3482.86,3524.02,205523999.99999997
2021-04-26,3540.53,3548.21,3462.16,3467.66,258632000.00000003
2021-04-27,3469.98,3482.6,3450.02,3476.3,208042000.0
2021-04-28,3457.17,3473.04,3440.2,3473.04,224513000.0
2021-04-29,3483.1,3519.83,3468.62,3517.21,314805000.0
2021-04-30,3518.86,3522.61,3471.38,3491.19,340266000.0
2021-05-06,3475.05,3510.4,3443.31,3449.94,299334000.0
2021-05-07,3457.91,3470.52,3402.08,3406.31,300925000.0
2021-05-10,3410.01,3416.03,3371.13,3399.98,280489000.0
2021-05-11,3380.63,3443.36,3371.47,3437.71,249357000.00000003
2021-05-12,3423.42,3456.07,3421.66,3447.86,236896999.99999997
2021-05-13,3418.58,3435.45,3395.81,3413.89,218827000.0
2021-05-14,3426.43,3504.65,3406.71,3503.04,345272000.0
2021-05-17,3502.74,3556.49,3502.21,3539.91,301651000.0
2021-05-18,3543.11,3550.08,3520.67,3537.7,237826000.00000003
2021-05-19,3531.79,3531.79,3501.38,3511.47,238066000.0
2021-05-20,3514.43,3530.49,3496.52,3522.45,238271999.99999997
2021-05-21,3532.87,3544.27,3475.26,3481.86,206446000.0
2021-05-24,3482.99,3499.45,3457.29,3497.75,229865000.0
2021-05-25,3505.81,3645.07,3505.63,3641.29,441829000.0
2021-05-26,3656.34,3678.07,3643.98,3657.19,345594000.0
2021-05-27,3645.48,3709.0,3628.96,3664.94,298791000.0
2021-05-28,3663.88,3689.25,3630.57,3659.3,286828000.0
2021-05-31,3652.89,3652.89,3615.42,3650.22,263284000.0
2021-06-01,3641.97,3652.95,3608.2,3650.9,281615000.0
2021-06-02,3661.94,3665.92,3604.78,3622.4,279754000.0
2021-06-03,3620.79,3637.0,3589.23,3591.16,260201000.00000003
2021-06-04,3574.3,3655.92,3573.7,3612.7,288576000.0
2021-06-07,3610.89,3613.28,3579.01,3601.11,256982000.00000003
2021-06-08,3597.94,3634.82,3558.46,3580.28,260796999.99999997
2021-06-09,3575.49,3599.62,3572.36,3587.53,272969000.0
2021-06-10,3588.14,3634.92,3582.16,3607.68,286576000.0
2021-06-11,3610.14,3611.25,3564.65,3576.78,407297000.0
2021-06-15,3570.4,3579.09,3513.13,3528.67,375475000.0
2021-06-16,3525.75,3532.85,3480.41,3486.29,316293000.0
2021-06-17,3477.47,3503.55,3467.58,3481.6,294464000.0
2021-06-18,3475.55,3488.26,3426.03,3454.59,361193000.0
2021-06-21,3440.74,3455.56,3410.4,3431.25,304569000.0
2021-06-22,3444.75,3469.81,3437.95,3464.71,326259000.0
2021-06-23,3469.28,3496.44,3460.69,3471.34,295645000.0
2021-06-24,3476.68,3487.27,3452.61,3483.91,287692000.0
2021-06-25,3483.16,3545.43,3479.74,3535.02,360272000.0
2021-06-28,3541.1,3543.7,3502.78,3520.74,297017000.0
2021-06-29,3514.32,3517.36,3475.44,3482.73,288146000.0
2021-06-30,3477.38,3504.96,3477.38,3498.65,249328000.00000003
2021-07-01,3510.56,3535.33,3479.52,3535.25,295532000.0
2021-07-02,3495.6,3495.6,3403.8,3408.24,347109000.0
2021-07-05,3402.11,3415.56,3376.84,3404.79,309268000.0
2021-07-06,3405.47,3406.76,3368.14,3405.28,292118000.0
2021-07-07,3384.57,3433.73,3382.24,3424.39,269195000.0
2021-07-08,3432.89,3434.15,3365.53,3373.26,338625000.0
2021-07-09,3359.2,3373.14,3329.74,3361.59,316366000.0
2021-07-12,3385.12,3413.35,3357.13,3384.51,384163000.0
2021-07-13,3384.75,3409.79,3377.2,3391.74,314077000.0
2021-07-14,3385.39,3385.39,3328.88,3339.38,347337000.0
2021-07-15,3335.05,3414.42,3332.78,3411.29,319552000.0
2021-07-16,3405.4,3413.27,3365.95,3369.9,272299000.0
2021-07-19,3362.58,3390.27,3322.32,3385.37,298170000.0
2021-07-20,3364.31,3382.09,3357.75,3378.63,258654000.0
2021-07-21,3385.14,3410.82,3375.63,3388.52,334906000.0
2021-07-22,3386.91,3410.63,3378.12,3392.72,369554000.0
2021-07-23,3389.4,3389.43,3353.04,3357.45,368479000.0
2021-07-26,3339.86,3339.86,3195.62,3228.37,443396000.0
2021-07-27,3228.44,3238.39,3117.61,3126.38,498487000.0
2021-07-28,3107.12,3171.08,3098.02,3154.64,405196000.0
2021-07-29,3206.44,3207.9,3159.77,3182.8,356499000.0
2021-07-30,3160.47,3160.47,3114.51,3132.82,323889000.0
2021-08-02,3112.3,3217.81,3082.83,3211.14,455750000.0
2021-08-03,3197.89,3235.4,3181.76,3223.83,388952000.0
2021-08-04,3219.4,3242.39,3211.4,3233.1,336495000.0
2021-08-05,3214.47,3266.3,3198.37,3227.36,318436000.0
2021-08-06,3211.64,3213.1,3181.38,3195.7,299077000.0
2021-08-09,3171.1,3253.08,3169.19,3235.21,387429000.0
2021-08-10,3231.15,3290.25,3193.96,3288.65,324648000.0
2021-08-11,3280.81,3298.41,3259.53,3262.58,400663000.0
2021-08-12,3247.8,3262.9,3222.69,3226.11,322633000.0
2021-08-13,3212.33,3242.31,3199.86,3217.84,282096000.0
2021-08-16,3212.66,3246.93,3205.53,3222.62,325496000.0
2021-08-17,3219.83,3240.33,3141.66,3149.88,397847000.0
2021-08-18,3148.38,3204.87,3133.88,3190.55,455003000.0
2021-08-19,3179.93,3185.73,3130.47,3144.37,451996000.0
2021-08-20,3105.16,3118.7,3044.88,3072.75,385366000.0
2021-08-23,3079.29,3109.99,3069.53,3099.89,316640000.0
2021-08-24,3106.23,3160.56,3104.97,3147.77,382082000.0
2021-08-25,3160.74,3173.37,3138.22,3159.8,336668000.0
2021-08-26,3156.91,3156.91,3087.3,3088.83,315999000.0
2021-08-27,3086.05,3145.98,3084.31,3123.05,326134000.0
2021-08-30,3141.12,3141.76,3092.83,3112.7,452088000.0
2021-08-31,3099.47,3122.91,3056.7,3097.06,516077000.00000006
2021-09-01,3087.26,3185.82,3064.5,3165.04,730414000.0
2021-09-02,3166.27,3189.25,3149.25,3167.1,517864999.99999994
2021-09-03,3172.5,3203.32,3137.88,3175.88,527692000.0
2021-09-06,3175.88,3228.95,3166.62,3211.2,457553000.0
2021-09-07,3210.27,3259.92,3192.02,3248.05,461854000.0
2021-09-08,3241.0,3254.1,3203.28,3213.26,420631000.00000006
2021-09-09,3195.99,3208.63,3183.21,3204.28,523551000.0
2021-09-10,3203.06,3268.73,3201.74,3252.32,614654000.0
2021-09-13,3246.86,3271.1,3222.22,3242.04,514617000.0
2021-09-14,3243.68,3257.62,3182.2,3188.26,569256000.0
2021-09-15,3180.55,3180.55,3130.97,3146.63,428213000.0
2021-09-16,3145.44,3157.9,3113.04,3128.59,455264000.00000006
2021-09-17,3117.93,3162.05,3110.03,3161.92,400287000.0
2021-09-22,3100.39,3129.78,3096.03,3122.34,405816000.0
2021-09-23,3135.75,3159.97,3116.56,3127.82,377977000.0
2021-09-24,3120.43,3173.05,3120.43,3145.11,353827000.0
2021-09-27,3162.43,3218.88,3162.43,3199.97,422935000.00000006
2021-09-28,3197.04,3224.57,3173.85,3211.15,381059000.0
2021-09-29,3186.12,3222.28,3160.39,3199.23,408122000.0
2021-09-30,3202.02,3213.56,3189.18,3196.99,296982000.0
2021-10-08,3229.07,3263.93,3215.56,3256.26,389231000.0
2021-10-11,3264.72,3318.15,3263.16,3276.41,384225000.0
2021-10-12,3266.02,3280.06,3232.32,3259.38,349834000.0
2021-10-13,3257.4,3307.23,3243.61,3292.76,287785000.0
2021-10-14,3289.98,3301.91,3264.25,3270.69,241116000.0
2021-10-15,3258.57,3301.15,3251.1,3294.83,326192000.0
2021-10-18,3289.32,3289.32,3213.24,3229.63,324335000.0
2021-10-19,3227.01,3265.51,3226.07,3256.67,291272000.0
2021-10-20,3264.47,3282.57,3242.1,3255.0,275848000.0
2021-10-21,3256.61,3294.05,3253.57,3278.54,313068000.0
2021-10-22,3287.93,3336.73,3282.88,3318.13,312977000.0
2021-10-25,3295.25,3316.57,3284.89,3312.3,283460000.0
2021-10-26,3312.3,3327.66,3285.23,3290.04,259835000.0
2021-10-27,3282.26,3282.26,3236.15,3247.1,280449000.0
2021-10-28,3240.54,3252.73,3223.72,3239.61,299240000.0
2021-10-29,3241.91,3267.25,3239.08,3267.25,347748000.0
2021-11-01,3239.89,3262.49,3223.87,3250.92,334314000.0
2021-11-02,3245.04,3267.76,3187.35,3212.03,397441000.0
2021-11-03,3207.74,3220.34,3173.33,3181.45,272604000.0
2021-11-04,3194.47,3216.23,3187.95,3207.26,266350000.0
2021-11-05,3197.61,3229.97,3189.68,3201.55,264496999.99999997
2021-11-08,3198.69,3214.33,3185.94,3196.27,257731000.0
2021-11-09,3206.29,3214.89,3172.09,3186.96,236351000.00000003
2021-11-10,3177.61,3182.26,3125.29,3170.4,308518000.0
2021-11-11,3169.01,3233.59,3164.94,3233.37,380618000.0
2021-11-12,3239.35,3241.13,3213.75,3220.55,257642999.99999997
2021-11-15,3228.02,3241.92,3209.48,3221.69,222042000.0
2021-11-16,3222.51,3243.45,3212.21,3222.17,242414000.0
2021-11-17,3217.1,3226.11,3202.56,3208.78,198008000.0
2021-11-18,3199.21,3199.21,3164.7,3173.38,200422000.0
2021-11-19,3170.79,3217.82,3168.3,3212.91,257096000.0
2021-11-22,3217.33,3228.29,3209.42,3212.15,262573000.0
2021-11-23,3206.94,3237.65,3206.43,3224.15,264817999.99999997
2021-11-24,3226.02,3247.78,3214.09,3231.84,232103000.00000003
2021-11-25,3233.26,3236.26,3212.73,3218.05,210105000.00000003
2021-11-26,3213.63,3214.05,3181.14,3187.36,230366000.0
2021-11-29,3170.69,3188.11,3163.96,3187.05,271808000.0
2021-11-30,3186.25,3196.04,3153.63,3165.35,234192999.99999997
2021-12-01,3166.61,3182.38,3165.7,3180.42,250041000.0
2021-12-02,3179.99,3198.03,3169.02,3190.87,274177000.0
2021-12-03,3191.17,3221.42,3191.17,3221.42,272691000.0
2021-12-06,3234.43,3257.19,3223.21,3228.14,354127000.0
2021-12-07,3255.56,3262.08,3237.16,3254.5,377837000.0
2021-12-08,3263.26,3306.97,3247.33,3304.71,327467000.0
2021-12-09,3312.33,3393.16,3309.95,3360.18,425563000.0
2021-12-10,3339.24,3353.63,3332.99,3353.63,393907000.0
2021-12-13,3391.62,3428.74,3363.69,3366.07,397487000.0
2021-12-14,3353.03,3364.52,3342.12,3350.5,314698000.0
2021-12-15,3340.75,3359.67,3318.41,3318.98,248217999.99999997
2021-12-16,3312.7,3330.86,3304.53,3330.86,253373999.99999997
2021-12-17,3321.67,3330.23,3278.12,3278.9,263338000.0
2021-12-20,3264.1,3294.13,3247.3,3255.35,278485000.0
2021-12-21,3253.29,3277.37,3251.96,3273.03,245367000.0
2021-12-22,3280.69,3287.76,3257.01,3260.57,223429000.0
2021-12-23,3265.71,3287.19,3246.24,3287.19,214177000.0
2021-12-24,3293.3,3306.91,3278.2,3290.24,218062000.0
2021-12-27,3286.11,3291.98,3264.02,3278.44,196756000.0
2021-12-28,3282.6,3307.79,3280.27,3303.4,260023000.0
2021-12-29,3308.21,3308.23,3240.85,3240.85,200985000.0
2021-12-30,3240.26,3277.0,3236.16,3261.79,222850000.0
2021-12-31,3269.61,3282.68,3261.84,3274.32,205500000.0
2022-01-04,3277.67,3281.74,3224.34,3264.07,299826000.0
2022-01-05,3259.21,3289.16,3244.21,3254.28,370641000.0
2022-01-06,3242.53,3251.12,3194.95,3210.39,317304000.0
2022-01-07,3213.26,3240.74,3213.26,3223.27,406947000.0
2022-01-10,3217.35,3237.22,3197.9,3236.12,333828000.0
2022-01-11,3229.46,3247.9,3210.4,3214.53,306664000.0
2022-01-12,3220.19,3244.23,3211.28,3236.31,324417000.0
2022-01-13,3243.05,3247.82,3182.85,3184.11,347823000.0
2022-01-14,3173.85,3173.85,3136.99,3139.05,345170000.0
2022-01-17,3139.41,3159.19,3134.08,3147.7,270361000.0
2022-01-18,3147.85,3198.47,3137.11,3187.52,350573000.0
2022-01-19,3194.92,3201.94,3172.26,3187.19,309913000.0
2022-01-20,3188.14,3251.22,3187.61,3233.7,402611000.0
2022-01-21,3227.2,3234.47,3202.73,3218.74,323327000.0
2022-01-24,3204.18,3218.98,3185.52,3209.74,282742000.0
2022-01-25,3192.12,3198.11,3144.73,3144.95,303100000.0
2022-01-26,3156.65,3169.53,3126.55,3163.67,241817000.0
2022-01-27,3168.14,3168.76,3115.86,3119.24,311014000.0
2022-01-28,3127.18,3140.29,3048.33,3054.02,335553000.0
2022-02-07,3102.62,3129.19,3096.69,3114.26,364751000.0
2022-02-07,3102.62,3129.19,3096.69,3114.26,364751000.0
2022-02-08,3107.89,3118.58,3061.22,3116.5,403653000.0
2022-02-09,3118.97,3148.23,3110.88,3139.56,391444000.0
2022-02-10,3145.33,3146.96,3125.11,3145.11,365056000.0
2022-02-11,3133.8,3172.09,3130.69,3142.91,435977000.00000006
2022-02-14,3131.39,3131.84,3093.64,3104.0,389257000.0
2022-02-15,3101.36,3126.42,3097.08,3119.93,293134000.0
2022-02-16,3134.88,3150.86,3129.04,3136.08,248350000.0
2022-02-17,3138.77,3156.87,3132.09,3139.18,254611000.0
2022-02-18,3126.28,3162.82,3121.95,3162.82,238790000.0
2022-02-21,3155.32,3155.88,3128.59,3144.86,263592999.99999997
2022-02-22,3122.04,3122.29,3082.39,3102.32,315564000.0
2022-02-23,3108.9,3120.34,3094.21,3118.04,296890000.0
2022-02-24,3098.14,3104.7,3038.35,3059.64,470718999.99999994
2022-02-25,3076.8,3104.87,3068.18,3075.59,356330000.0
2022-02-28,3069.1,3081.36,3049.56,3080.78,306654000.0
2022-03-01,3093.93,3129.26,3093.93,3125.69,276380000.0
2022-03-02,3108.62,3113.35,3097.89,3107.24,277457000.0
2022-03-03,3117.65,3124.89,3090.2,3097.09,370559000.0
2022-03-04,3068.4,3079.47,3052.69,3062.38,309168000.0
2022-03-07,3042.02,3042.02,2965.22,2974.68,426584000.0
2022-03-08,2983.05,3005.56,2920.97,2933.16,410556000.00000006
2022-03-09,2949.33,2965.57,2809.99,2907.18,472718999.99999994
2022-03-10,2969.49,2973.61,2931.09,2933.46,342238000.0
2022-03-11,2897.34,2944.25,2852.79,2935.68,364577000.0
2022-03-14,2889.83,2920.71,2851.86,2851.88,323741000.0
2022-03-15,2808.73,2825.55,2702.85,2702.85,521584000.0
2022-03-16,2746.15,2836.85,2688.7,2827.75,481166000.0
2022-03-17,2888.24,2918.54,2861.24,2877.22,432272999.99999994
2022-03-18,2869.7,2925.72,2853.77,2913.19,413030000.0
2022-03-21,2919.26,2919.26,2868.4,2892.11,304847000.0
2022-03-22,2893.57,2921.73,2885.02,2900.77,307452000.0
2022-03-23,2908.97,2928.44,2890.49,2916.51,300467000.0
2022-03-24,2898.14,2918.3,2885.37,2903.62,277339000.0
2022-03-25,2898.49,2910.92,2855.33,2856.43,267700000.0
2022-03-28,2817.26,2866.07,2798.7,2853.18,321362000.0
2022-03-29,2854.8,2873.61,2837.7,2842.15,236591000.0
2022-03-30,2864.24,2915.49,2861.55,2915.49,340052000.0
2022-03-31,2901.07,2915.51,2892.11,2898.83,331682000.0
2022-04-01,2886.36,2954.51,2877.07,2943.24,339688000.0
2022-04-06,2918.5,2941.05,2910.02,2931.2,433949000.0
2022-04-07,2916.8,2943.24,2896.73,2902.48,328227000.0
2022-04-08,2903.24,2929.89,2889.2,2925.49,362353000.0
2022-04-11,2908.54,2908.54,2839.56,2846.38,359188000.0
2022-04-12,2854.29,2895.53,2827.63,2894.26,339939000.0
2022-04-13,2881.74,2914.2,2871.05,2882.28,311482000.0
2022-04-14,2905.77,2947.45,2897.05,2928.6,286677000.0
2022-04-15,2911.14,2943.6,2908.56,2930.58,295896000.0
2022-04-18,2902.44,2902.44,2875.96,2887.72,291009000.0
2022-04-19,2881.9,2899.26,2843.65,2861.57,284284000.0
2022-04-20,2859.6,2868.57,2828.21,2835.35,292685000.0
2022-04-21,2821.36,2848.82,2784.56,2797.53,328555000.0
2022-04-22,2773.37,2826.68,2769.67,2814.13,308417000.0
2022-04-25,2750.56,2772.55,2682.52,2683.41,442858000.0
2022-04-26,2685.27,2729.19,2667.91,2681.03,403008000.0
2022-04-27,2674.46,2737.03,2674.18,2734.54,420859000.0
2022-04-28,2725.63,2775.06,2722.24,2769.71,378345000.0
2022-04-29,2772.95,2820.55,2742.97,2805.34,414149000.0
2022-05-05,2806.04,2824.54,2799.72,2800.93,352318000.0
2022-05-06,2754.97,2760.44,2716.17,2719.76,274798000.0
2022-05-09,2706.42,2716.66,2679.31,2695.13,218933000.0
2022-05-10,2653.99,2733.11,2644.87,2718.37,343302000.0
2022-05-11,2714.68,2769.48,2713.86,2741.23,381322000.0
2022-05-12,2723.41,2740.52,2711.35,2721.77,258356000.0
2022-05-13,2741.77,2760.43,2729.58,2748.24,272630000.0
2022-05-16,2764.39,2765.9,2710.57,2720.41,272787000.0
2022-05-17,2730.42,2756.74,2723.7,2756.74,283624000.0
2022-05-18,2765.28,2765.28,2720.92,2745.53,253191000.0
2022-05-19,2711.45,2748.3,2708.81,2744.55,259785000.0
2022-05-20,2759.83,2807.98,2759.83,2807.94,346676000.0
2022-05-23,2813.93,2813.93,2769.7,2782.55,284888000.0
2022-05-24,2784.65,2786.54,2733.7,2734.19,326099000.0
2022-05-25,2737.64,2749.07,2727.49,2743.42,237727000.0
2022-05-26,2749.99,2760.8,2717.74,2744.9,284414000.0
2022-05-27,2766.32,2789.24,2753.78,2763.07,291852000.0
2022-05-30,2777.85,2788.98,2767.09,2778.45,276743000.0
2022-05-31,2780.56,2817.49,2769.56,2813.22,325187000.0
2022-06-01,2811.15,2812.78,2783.61,2798.07,262448000.0
2022-06-02,2786.08,2794.1,2776.73,2790.32,252684000.0
2022-06-06,2792.44,2826.6,2762.96,2825.65,433914000.00000006
2022-06-07,2828.16,2863.14,2819.82,2846.81,366789000.0
2022-06-08,2857.69,2888.67,2849.26,2879.31,352993000.0
2022-06-09,2877.88,2896.74,2857.82,2868.42,393196000.0
2022-06-10,2843.58,2902.48,2836.86,2899.58,436088000.0
2022-06-13,2862.9,2868.62,2826.98,2844.72,474247999.99999994
2022-06-14,2814.82,2884.47,2808.98,2882.7,498687000.0
2022-06-15,2882.15,2971.36,2882.15,2923.99,679451000.0
2022-06-16,2927.16,2936.47,2888.74,2891.34,470818999.99999994
2022-06-17,2876.51,2943.32,2876.51,2936.2,403939000.0
2022-06-20,2935.22,2951.07,2904.38,2924.92,456104000.0
2022-06-21,2924.15,2945.7,2902.38,2926.48,558892000.0
2022-06-22,2932.06,2932.06,2890.76,2892.29,565982000.0
2022-06-23,2896.72,2936.64,2896.72,2935.88,628594000.0
2022-06-24,2945.29,2983.61,2944.19,2974.75,630001000.0
2022-06-27,2991.1,3034.69,2991.1,3013.95,614192000.0
2022-06-28,3012.62,3044.54,2991.54,3039.41,547923000.0
2022-06-29,3029.38,3050.45,3001.28,3009.24,507254000.0
2022-06-30,3001.81,3085.22,3001.81,3058.4,438749000.0
2022-07-01,3066.59,3072.85,3033.6,3045.27,456847999.99999994
2022-07-04,3031.06,3051.06,3011.33,3050.15,409038000.0
2022-07-05,3058.43,3078.4,3018.19,3052.11,459926000.0
2022-07-06,3041.49,3041.49,2979.33,2996.73,442067000.0
2022-07-07,2994.36,3005.0,2968.35,2989.21,360064000.0
2022-07-08,3012.88,3022.35,2992.63,2993.31,344553000.0
2022-07-11,2974.36,2974.36,2930.1,2942.3,442124000.0
2022-07-12,2942.52,2953.7,2910.45,2922.0,382704000.0
2022-07-13,2918.35,2930.39,2902.66,2914.29,415845000.0
2022-07-14,2906.48,2916.18,2882.57,2895.3,478532000.0
2022-07-15,2873.81,2912.32,2839.39,2839.39,466885000.00000006
2022-07-18,2849.99,2880.75,2826.13,2878.64,370441000.0
2022-07-19,2876.32,2876.4,2839.06,2865.6,318372000.0
2022-07-20,2883.52,2887.94,2867.59,2874.08,254360000.0
2022-07-21,2862.87,2866.31,2836.24,2836.66,319757000.0
2022-07-22,2845.92,2869.36,2828.65,2848.44,276859000.0
2022-07-25,2846.83,2846.98,2829.24,2837.26,215988000.0
2022-07-26,2845.14,2864.46,2843.0,2854.64,254316000.0
2022-07-27,2847.01,2847.86,2825.62,2829.92,228513000.0
2022-07-28,2839.25,2861.52,2826.53,2827.11,284665000.0
2022-07-29,2827.47,2849.25,2784.57,2792.33,335687000.0
2022-08-01,2785.69,2794.18,2763.58,2781.68,280038000.0
2022-08-02,2757.19,2757.19,2705.73,2730.76,385486000.0
2022-08-03,2735.16,2755.68,2705.95,2710.72,308438000.0
2022-08-04,2724.8,2743.62,2717.79,2741.09,269745000.0
2022-08-05,2748.65,2777.11,2738.14,2774.34,282423000.0
2022-08-08,2762.32,2771.36,2751.36,2761.16,238462000.0
2022-08-09,2760.24,2769.73,2752.49,2764.07,219037000.0
2022-08-10,2762.36,2770.5,2719.61,2730.96,229369000.0
2022-08-11,2744.68,2787.37,2737.88,2787.06,294724000.0
2022-08-12,2780.05,2802.58,2774.96,2796.89,266625000.0
2022-08-15,2787.51,2811.24,2779.63,2782.67,264583000.0
2022-08-16,2785.94,2793.27,2764.66,2769.26,234775000.0
2022-08-17,2773.39,2791.71,2751.02,2785.85,280305000.0
2022-08-18,2778.13,2783.76,2751.48,2759.29,225831000.0
2022-08-19,2755.09,2772.22,2750.06,2750.63,281867000.0
2022-08-22,2737.4,2767.28,2736.13,2756.37,291281000.0
2022-08-23,2754.63,2759.69,2727.74,2735.67,249085000.0
2022-08-24,2738.38,2750.87,2706.15,2708.09,309253000.0
2022-08-25,2715.64,2756.94,2707.46,2752.56,319640000.0
2022-08-26,2758.51,2763.64,2745.52,2751.59,260313000.0
2022-08-29,2721.86,2736.6,2718.97,2732.21,248905000.00000003
2022-08-30,2731.98,2741.6,2705.05,2726.66,259305000.00000003
2022-08-31,2713.29,2779.62,2713.29,2761.78,398864000.0
2022-09-01,2750.03,2757.88,2731.7,2732.4,254225000.0
2022-09-02,2737.2,2740.66,2698.33,2711.26,227813000.0
2022-09-05,2700.11,2706.96,2676.6,2697.77,249387000.0
2022-09-06,2706.1,2726.72,2704.0,2724.5,291244000.0
2022-09-07,2709.77,2718.17,2703.08,2710.69,234548000.0
2022-09-08,2714.03,2725.25,2707.47,2708.28,242090000.0
2022-09-09,2719.01,2763.17,2710.77,2757.57,324856000.0
2022-09-13,2769.41,2781.4,2751.09,2769.23,299290000.0
2022-09-14,2734.91,2760.4,2732.78,2745.43,248485000.0
2022-09-15,2753.13,2769.46,2728.84,2743.79,336989000.0
2022-09-16,2731.96,2738.65,2678.03,2678.03,384418000.0
2022-09-19,2677.33,2695.4,2669.09,2679.59,272604000.0
2022-09-20,2688.17,2691.55,2666.66,2673.88,237514000.0
2022-09-21,2667.17,2670.06,2641.72,2652.21,239601000.00000003
2022-09-22,2632.0,2645.57,2621.82,2629.37,242292000.0
2022-09-23,2625.25,2649.81,2618.94,2629.81,302779000.0
2022-09-26,2612.67,2650.25,2611.53,2614.9,343845000.0
2022-09-27,2616.05,2645.74,2605.24,2642.92,261450000.0
2022-09-28,2635.26,2637.02,2608.64,2611.98,247321000.0
2022-09-29,2633.07,2644.07,2596.96,2608.98,259690000.0
2022-09-30,2618.08,2631.78,2604.93,2610.12,232444999.99999997
2022-10-10,2610.76,2611.05,2542.01,2545.05,337184000.0
2022-10-11,2552.17,2553.21,2532.28,2539.95,242165000.0
2022-10-12,2537.81,2556.52,2482.55,2555.02,286356000.0
2022-10-13,2534.51,2541.16,2517.44,2523.63,286272000.0
2022-10-14,2544.24,2599.14,2541.38,2584.68,334496000.0
2022-10-17,2572.61,2588.34,2561.24,2585.5,268267000.0
2022-10-18,2594.7,2598.21,2565.04,2569.97,209751000.00000003
2022-10-19,2562.54,2572.3,2519.9,2519.9,215907000.00000003
2022-10-20,2495.02,2535.39,2494.29,2501.5,238332000.00000003
2022-10-21,2503.11,2510.6,2473.2,2487.22,272515000.0
2022-10-24,2468.7,2493.06,2386.54,2392.6,398019000.0
2022-10-25,2386.85,2427.32,2376.16,2394.92,284394000.0
2022-10-26,2395.87,2438.69,2392.74,2400.52,365801000.0
2022-10-27,2413.02,2432.15,2379.06,2381.26,355173000.0
2022-10-28,2364.75,2377.91,2322.64,2326.94,324582000.0
2022-10-31,2300.88,2327.06,2288.01,2295.92,415206000.00000006
2022-11-01,2306.43,2397.0,2306.43,2396.63,500989000.00000006
2022-11-02,2385.71,2437.95,2375.51,2418.32,422909000.0
2022-11-03,2396.47,2409.14,2376.07,2387.45,286528000.0
2022-11-04,2383.96,2479.23,2383.96,2468.28,406221000.0
2022-11-07,2452.01,2490.32,2449.63,2477.77,404420000.0
2022-11-08,2476.65,2482.58,2442.92,2459.09,272994000.0
2022-11-09,2460.24,2470.41,2435.02,2440.35,251253000.00000003
2022-11-10,2422.01,2451.47,2414.35,2440.32,382040000.0
2022-11-11,2511.78,2546.09,2482.11,2518.05,615009000.0
2022-11-14,2550.97,2577.2,2532.55,2538.3,503420000.0
2022-11-15,2535.28,2594.27,2526.62,2583.72,365809000.0
2022-11-16,2581.93,2595.3,2568.38,2572.89,288362000.0
2022-11-17,2566.28,2569.43,2531.3,2560.02,274837000.0
2022-11-18,2563.27,2572.71,2544.84,2546.72,284570000.0
2022-11-21,2523.05,2523.05,2489.44,2514.85,255308000.0
2022-11-22,2516.7,2555.79,2508.86,2531.34,372954000.0
2022-11-23,2524.18,2554.76,2520.83,2535.52,359639000.0
2022-11-24,2550.3,2562.08,2517.18,2520.56,223192000.0
2022-11-25,2518.88,2554.54,2512.88,2544.61,412953000.0
2022-11-28,2489.47,2507.78,2458.87,2503.62,327747000.0
2022-11-29,2538.61,2611.75,2538.61,2607.75,490833000.0
2022-11-30,2595.23,2623.85,2593.51,2606.54,405554000.0
2022-12-01,2661.18,2678.34,2629.89,2631.21,441575000.0
2022-12-02,2628.11,2630.26,2609.51,2614.61,293148000.0
2022-12-05,2647.46,2676.42,2635.75,2676.14,546298000.0
2022-12-06,2663.11,2704.9,2658.16,2684.85,362560000.0
2022-12-07,2678.64,2705.24,2661.25,2670.65,345326000.0
2022-12-08,2667.36,2681.65,2661.75,2672.9,263348999.99999997
2022-12-09,2676.71,2712.88,2663.6,2706.74,383463000.0
2022-12-12,2689.57,2700.4,2670.2,2673.94,316321000.0
2022-12-13,2673.54,2688.22,2668.48,2676.9,285213000.0
2022-12-14,2678.47,2698.01,2663.78,2686.37,259669000.0
2022-12-15,2689.57,2697.42,2661.85,2675.19,231592000.0
2022-12-16,2662.48,2691.19,2662.48,2688.29,249611000.0
2022-12-19,2688.12,2696.93,2635.19,2646.18,263546000.0
2022-12-20,2636.08,2640.01,2580.87,2599.49,217240000.0
2022-12-21,2608.87,2617.92,2602.61,2607.42,157388000.0
2022-12-22,2632.2,2645.73,2608.44,2619.76,210694999.99999997
2022-12-23,2602.41,2628.39,2595.85,2615.88,159290000.0
2022-12-26,2617.18,2625.88,2604.9,2607.52,198124000.0
2022-12-27,2623.17,2640.74,2616.93,2632.45,218146999.99999997
2022-12-28,2629.98,2646.71,2620.12,2638.31,231712000.0
2022-12-29,2622.19,2627.43,2605.05,2622.07,227767000.0
2022-12-30,2633.16,2648.41,2631.85,2635.25,238898000.0
